Wavelength (nm),Ikaite
350,0.425289693
351,0.416061543
352,0.421667993
353,0.426690444
354,0.426200044
355,0.420403015
356,0.425935805
357,0.431148583
358,0.42972594
359,0.434827954
360,0.434840201
361,0.430928606
362,0.432231909
363,0.433564433
364,0.433855678
365,0.433673004
366,0.437377948
367,0.43794737
368,0.435814235
369,0.440855268
370,0.440959064
371,0.439130861
372,0.441670368
373,0.441986558
374,0.441232068
375,0.441239399
376,0.444458588
377,0.444718758
378,0.443695575
379,0.446875958
380,0.445112208
381,0.444207844
382,0.448435538
383,0.448153454
384,0.447771778
385,0.448628415
386,0.44859569
387,0.448303177
388,0.448758881
389,0.450599597
390,0.450825032
391,0.451439505
392,0.453080544
393,0.452504212
394,0.452725087
395,0.45391821
396,0.454583643
397,0.454114328
398,0.454222178
399,0.45592802
400,0.455461686
401,0.455588543
402,0.456856528
403,0.45639536
404,0.456708711
405,0.45766085
406,0.458175536
407,0.458424718
408,0.458941276
409,0.459806185
410,0.459444826
411,0.460054766
412,0.46152899
413,0.461341723
414,0.461964885
415,0.462963906
416,0.463200438
417,0.463401476
418,0.46375839
419,0.464235568
420,0.464345675
421,0.464811472
422,0.465527345
423,0.46570059
424,0.466147721
425,0.466637272
426,0.46677001
427,0.466965874
428,0.467264853
429,0.467581974
430,0.467587211
431,0.467832566
432,0.46822594
433,0.468198087
434,0.468482757
435,0.468854153
436,0.468940279
437,0.469095787
438,0.469259998
439,0.469394656
440,0.469541709
441,0.470013219
442,0.470579966
443,0.470599052
444,0.470990615
445,0.471437129
446,0.471473683
447,0.471828166
448,0.472316516
449,0.472709875
450,0.472766835
451,0.473148423
452,0.473654966
453,0.473414622
454,0.473797053
455,0.47432064
456,0.474222898
457,0.474559565
458,0.474897199
459,0.474961353
460,0.475145986
461,0.475355503
462,0.475509835
463,0.475521577
464,0.475617343
465,0.475719942
466,0.475715883
467,0.476017928
468,0.476265852
469,0.476244948
470,0.476325927
471,0.476425748
472,0.476500799
473,0.476533076
474,0.476668933
475,0.476767416
476,0.476646249
477,0.476876348
478,0.47712428
479,0.477133827
480,0.477305747
481,0.477475862
482,0.477573269
483,0.477633625
484,0.477816087
485,0.47804219
486,0.478139267
487,0.47841148
488,0.478690199
489,0.478814211
490,0.479030674
491,0.479197392
492,0.479275262
493,0.479425073
494,0.479579492
495,0.47971206
496,0.479814953
497,0.480037523
498,0.480237557
499,0.480256147
500,0.480289979
501,0.480343301
502,0.480414381
503,0.480539313
504,0.480657988
505,0.480718662
506,0.480662446
507,0.480741897
508,0.480834959
509,0.48073186
510,0.480803598
511,0.480855555
512,0.480743131
513,0.480742946
514,0.480798115
515,0.480846675
516,0.480800052
517,0.480871382
518,0.480994728
519,0.480968471
520,0.481062496
521,0.481158375
522,0.481120781
523,0.481181844
524,0.481300135
525,0.481424322
526,0.481518639
527,0.481638354
528,0.481755542
529,0.481761476
530,0.481901953
531,0.482077561
532,0.482104908
533,0.482256386
534,0.482441318
535,0.482561858
536,0.48266506
537,0.482814682
538,0.482995699
539,0.483049985
540,0.483207757
541,0.483409323
542,0.483441448
543,0.483557863
544,0.483744027
545,0.48391833
546,0.48401487
547,0.484096579
548,0.484203881
549,0.484291627
550,0.484410141
551,0.484543976
552,0.484602406
553,0.484720839
554,0.484856338
555,0.484905482
556,0.484984629
557,0.485070303
558,0.485125307
559,0.485156699
560,0.485189112
561,0.485236801
562,0.485294102
563,0.485385396
564,0.48547681
565,0.485487841
566,0.485525008
567,0.485575691
568,0.485594639
569,0.485582624
570,0.485582042
571,0.485615489
572,0.485622507
573,0.485675494
574,0.485756216
575,0.485695661
576,0.485700583
577,0.485761192
578,0.485757136
579,0.485754935
580,0.485809639
581,0.485949729
582,0.486044163
583,0.486200215
584,0.486486026
585,0.486823509
586,0.487277786
587,0.487788537
588,0.488153222
589,0.48841711
590,0.488538846
591,0.488465078
592,0.488326514
593,0.488257935
594,0.488342474
595,0.48845744
596,0.488613148
597,0.488787236
598,0.488863985
599,0.48897149
600,0.489146035
601,0.489361971
602,0.489559409
603,0.489748201
604,0.489947243
605,0.490019501
606,0.490129231
607,0.490378955
608,0.490557888
609,0.490745391
610,0.490946905
611,0.491057086
612,0.491084032
613,0.491059519
614,0.491038477
615,0.49101102
616,0.491000618
617,0.491024347
618,0.491029934
619,0.49103227
620,0.491050497
621,0.49110563
622,0.491148579
623,0.491191121
624,0.491313795
625,0.491405387
626,0.491495834
627,0.491658523
628,0.49173699
629,0.491819169
630,0.491985288
631,0.492096223
632,0.492191817
633,0.49229242
634,0.492364353
635,0.492434077
636,0.492528666
637,0.492680673
638,0.492753475
639,0.492806095
640,0.492940964
641,0.493042801
642,0.493119854
643,0.493199195
644,0.493323981
645,0.493407159
646,0.493446422
647,0.493572003
648,0.493648449
649,0.493692625
650,0.49379596
651,0.493892708
652,0.493991407
653,0.494104522
654,0.494173569
655,0.4942478
656,0.494358289
657,0.494485395
658,0.49458352
659,0.494657936
660,0.494764612
661,0.494886754
662,0.495005231
663,0.495100913
664,0.495197242
665,0.495302617
666,0.495423369
667,0.495578543
668,0.495683393
669,0.495739343
670,0.49590653
671,0.496012614
672,0.49606515
673,0.496170835
674,0.496262377
675,0.496352984
676,0.496464213
677,0.49655449
678,0.496628395
679,0.496702465
680,0.496819188
681,0.496911169
682,0.496983014
683,0.497114396
684,0.497206287
685,0.497255425
686,0.497296527
687,0.497361297
688,0.497444304
689,0.49753247
690,0.497618094
691,0.497670303
692,0.497705462
693,0.497827988
694,0.497907455
695,0.497950538
696,0.498034995
697,0.49811624
698,0.498170054
699,0.498190643
700,0.498247509
701,0.498306084
702,0.498348453
703,0.498414783
704,0.498441815
705,0.498440197
706,0.498483457
707,0.498506799
708,0.498513325
709,0.498528712
710,0.49858749
711,0.49862026
712,0.498595722
713,0.498634593
714,0.498633602
715,0.498594998
716,0.498651532
717,0.498683755
718,0.498694335
719,0.498729632
720,0.498749372
721,0.498752802
722,0.498753513
723,0.498798749
724,0.498818892
725,0.498799226
726,0.498812957
727,0.49882694
728,0.498844824
729,0.498884542
730,0.49892539
731,0.498943636
732,0.498934591
733,0.498983748
734,0.499012483
735,0.499003748
736,0.499071221
737,0.499138718
738,0.499185256
739,0.499219845
740,0.499299306
741,0.499406843
742,0.499513736
743,0.499643384
744,0.499757555
745,0.499848448
746,0.499977753
747,0.500112194
748,0.500229215
749,0.500310946
750,0.500433866
751,0.500573005
752,0.500686123
753,0.500806289
754,0.500902005
755,0.500976797
756,0.501131959
757,0.501208169
758,0.501233467
759,0.501369415
760,0.501518679
761,0.501644813
762,0.501741202
763,0.501894451
764,0.50204599
765,0.502164347
766,0.502294527
767,0.502416844
768,0.502543223
769,0.502704041
770,0.502829757
771,0.502934096
772,0.503047668
773,0.503169883
774,0.503283904
775,0.503403753
776,0.503620944
777,0.503773224
778,0.503881382
779,0.50406712
780,0.504198576
781,0.504307893
782,0.504448326
783,0.504608278
784,0.504771839
785,0.504937539
786,0.505131821
787,0.505279577
788,0.505407145
789,0.505584613
790,0.505763047
791,0.505913443
792,0.506036131
793,0.506219989
794,0.506393701
795,0.506552361
796,0.506772527
797,0.506890832
798,0.50698859
799,0.507201359
800,0.507340689
801,0.507442515
802,0.507554218
803,0.507695966
804,0.507816054
805,0.50792735
806,0.508089132
807,0.508189504
808,0.508256562
809,0.508339677
810,0.508407505
811,0.508464802
812,0.508525382
813,0.50861719
814,0.508720176
815,0.508816245
816,0.508886276
817,0.508917369
818,0.508934127
819,0.508957757
820,0.50897949
821,0.509025804
822,0.509082915
823,0.509100774
824,0.509123387
825,0.509128327
826,0.509092205
827,0.509072766
828,0.509074866
829,0.509076594
830,0.509012051
831,0.508971996
832,0.508922733
833,0.508795183
834,0.508734104
835,0.508706715
836,0.508666604
837,0.508597121
838,0.508513501
839,0.508390499
840,0.508182334
841,0.508102226
842,0.508027343
843,0.507831022
844,0.507675853
845,0.507538814
846,0.507384872
847,0.507166808
848,0.507039228
849,0.506881935
850,0.506559612
851,0.506381
852,0.506211566
853,0.505977271
854,0.505750619
855,0.505506264
856,0.505231568
857,0.504927789
858,0.504695098
859,0.504449452
860,0.504153843
861,0.50393442
862,0.503632042
863,0.503277594
864,0.5029969
865,0.502685514
866,0.502372007
867,0.50208083
868,0.501775729
869,0.501417513
870,0.501061181
871,0.500813452
872,0.50040087
873,0.499959454
874,0.499624773
875,0.499271691
876,0.498936258
877,0.49860308
878,0.498221114
879,0.497844253
880,0.497544231
881,0.497329117
882,0.49697939
883,0.49665045
884,0.496352056
885,0.495967396
886,0.495585474
887,0.495217052
888,0.494851974
889,0.494464938
890,0.494109295
891,0.493742617
892,0.493245363
893,0.492805541
894,0.492337808
895,0.491777059
896,0.491335858
897,0.490899033
898,0.49043134
899,0.489967175
900,0.489561953
901,0.489125548
902,0.488621697
903,0.488286399
904,0.487867442
905,0.487452667
906,0.487341849
907,0.487216005
908,0.487161977
909,0.487260886
910,0.487415958
911,0.487568856
912,0.4877372
913,0.487963287
914,0.488036894
915,0.488146032
916,0.488347403
917,0.488325421
918,0.488301567
919,0.488335804
920,0.488400364
921,0.488306853
922,0.488268589
923,0.488316407
924,0.488174803
925,0.488155276
926,0.488151329
927,0.488014075
928,0.487988872
929,0.487936515
930,0.487821968
931,0.487718066
932,0.487627861
933,0.487485126
934,0.487295093
935,0.487332331
936,0.487171322
937,0.486888983
938,0.486793395
939,0.486562915
940,0.486281638
941,0.486054045
942,0.485949798
943,0.48576426
944,0.485543734
945,0.485348567
946,0.484887482
947,0.484523
948,0.484280135
949,0.483876058
950,0.483403715
951,0.48298999
952,0.48266586
953,0.482211677
954,0.481813425
955,0.481412596
956,0.480899691
957,0.480487265
958,0.48006269
959,0.479598819
960,0.47918295
961,0.478796064
962,0.47835323
963,0.477844696
964,0.477509593
965,0.477075686
966,0.476609232
967,0.476267359
968,0.475739073
969,0.475218233
970,0.474810544
971,0.474475366
972,0.47403717
973,0.473622695
974,0.473250481
975,0.472478587
976,0.472478587
977,0.471975034
978,0.471346613
979,0.470947522
980,0.470677502
981,0.47025851
982,0.469747939
983,0.46918279
984,0.468701863
985,0.468128315
986,0.46768602
987,0.46746879
988,0.467066799
989,0.466602119
990,0.466149465
991,0.465616651
992,0.465075577
993,0.464757933
994,0.464427763
995,0.464161587
996,0.463918747
997,0.463540368
998,0.463164007
999,0.462846592
1000,0.462533897
1001,0.462271883
1002,0.462072742
1003,0.461864665
1004,0.46171494
1005,0.461483843
1006,0.46114143
1007,0.460948103
1008,0.460773912
1009,0.460643536
1010,0.460645474
1011,0.460646864
1012,0.460494757
1013,0.4603326
1014,0.460348139
1015,0.460429476
1016,0.460517564
1017,0.460743022
1018,0.460928674
1019,0.461058099
1020,0.461225212
1021,0.461473917
1022,0.46169635
1023,0.461873814
1024,0.462104056
1025,0.462404374
1026,0.4626381
1027,0.462857166
1028,0.463149948
1029,0.463426547
1030,0.463686448
1031,0.463985754
1032,0.464316077
1033,0.464651678
1034,0.465014268
1035,0.465361258
1036,0.465725777
1037,0.466058615
1038,0.466352758
1039,0.466686349
1040,0.467015439
1041,0.467369309
1042,0.467781024
1043,0.468150408
1044,0.468498623
1045,0.468863036
1046,0.469212596
1047,0.469544324
1048,0.469871734
1049,0.470189109
1050,0.470530071
1051,0.470859989
1052,0.471214437
1053,0.471612021
1054,0.471980159
1055,0.472344509
1056,0.472702035
1057,0.473031694
1058,0.473394481
1059,0.473759404
1060,0.474144808
1061,0.474622294
1062,0.474998277
1063,0.475380311
1064,0.475759633
1065,0.476104514
1066,0.476390292
1067,0.476732882
1068,0.477088165
1069,0.477430854
1070,0.477809107
1071,0.478130225
1072,0.478451034
1073,0.478706309
1074,0.478900887
1075,0.479092808
1076,0.479173355
1077,0.479347574
1078,0.479570019
1079,0.479798643
1080,0.480065992
1081,0.480350143
1082,0.48050671
1083,0.480580952
1084,0.480682359
1085,0.480724134
1086,0.480760793
1087,0.480795615
1088,0.48083329
1089,0.480820221
1090,0.480852797
1091,0.480995955
1092,0.48100238
1093,0.48092382
1094,0.480869201
1095,0.480768585
1096,0.480635199
1097,0.480563874
1098,0.480510404
1099,0.480396191
1100,0.480283081
1101,0.480199925
1102,0.48013622
1103,0.480035716
1104,0.47998049
1105,0.479821543
1106,0.4795603
1107,0.479362004
1108,0.479133345
1109,0.478940739
1110,0.478828928
1111,0.478637656
1112,0.478395299
1113,0.47817845
1114,0.477971779
1115,0.477724376
1116,0.477507239
1117,0.477236739
1118,0.47692874
1119,0.476603243
1120,0.476208137
1121,0.475788354
1122,0.475308398
1123,0.474775613
1124,0.474178216
1125,0.473570465
1126,0.472819922
1127,0.472011554
1128,0.4710491
1129,0.469944611
1130,0.468799622
1131,0.467559357
1132,0.466231989
1133,0.464863092
1134,0.463383809
1135,0.461887297
1136,0.460359462
1137,0.458754216
1138,0.457233797
1139,0.45567082
1140,0.454036552
1141,0.452489159
1142,0.45096033
1143,0.449467798
1144,0.448020851
1145,0.446606243
1146,0.445235032
1147,0.443901785
1148,0.442643095
1149,0.441317752
1150,0.440027971
1151,0.438653711
1152,0.437213086
1153,0.435732172
1154,0.434147868
1155,0.43254425
1156,0.430930502
1157,0.429261451
1158,0.42752691
1159,0.425715574
1160,0.423864015
1161,0.421934982
1162,0.419920948
1163,0.417968872
1164,0.416002198
1165,0.413987368
1166,0.411969037
1167,0.40996867
1168,0.407938591
1169,0.405865971
1170,0.403826733
1171,0.401755565
1172,0.399734021
1173,0.397641651
1174,0.395449732
1175,0.393264196
1176,0.391038312
1177,0.38887006
1178,0.386838582
1179,0.384865113
1180,0.383075732
1181,0.381457957
1182,0.379950877
1183,0.378711106
1184,0.377690244
1185,0.376866161
1186,0.376268289
1187,0.375837149
1188,0.375673049
1189,0.375531892
1190,0.375522522
1191,0.37557575
1192,0.375673381
1193,0.375727706
1194,0.37579036
1195,0.375842752
1196,0.375798535
1197,0.375690117
1198,0.375514577
1199,0.375252425
1200,0.374931808
1201,0.374587477
1202,0.374241141
1203,0.373869212
1204,0.373469348
1205,0.37313495
1206,0.372818806
1207,0.372510555
1208,0.372302212
1209,0.372089584
1210,0.37190478
1211,0.371732524
1212,0.371627168
1213,0.371529422
1214,0.371459756
1215,0.371382988
1216,0.371299801
1217,0.371254081
1218,0.371215551
1219,0.371226635
1220,0.371301736
1221,0.371377007
1222,0.371498288
1223,0.371627839
1224,0.371728907
1225,0.37183843
1226,0.371913137
1227,0.371990743
1228,0.372094838
1229,0.372172688
1230,0.372256092
1231,0.37231583
1232,0.372332705
1233,0.372361603
1234,0.372380787
1235,0.372384409
1236,0.372398136
1237,0.372406596
1238,0.372390102
1239,0.37236534
1240,0.372317637
1241,0.37228721
1242,0.372242826
1243,0.372192054
1244,0.37216714
1245,0.37211273
1246,0.372069372
1247,0.372018519
1248,0.371939572
1249,0.371875499
1250,0.371800586
1251,0.371745275
1252,0.371723156
1253,0.371695815
1254,0.371692926
1255,0.371698189
1256,0.371668156
1257,0.371678107
1258,0.371692677
1259,0.371711789
1260,0.371751652
1261,0.371806733
1262,0.371860804
1263,0.371934108
1264,0.372042067
1265,0.372116511
1266,0.372209721
1267,0.372318589
1268,0.37241802
1269,0.372532332
1270,0.372656074
1271,0.372755086
1272,0.37284996
1273,0.372931047
1274,0.372991736
1275,0.373077982
1276,0.373170408
1277,0.373279035
1278,0.373406245
1279,0.373492043
1280,0.373543552
1281,0.373607602
1282,0.373649704
1283,0.373676165
1284,0.373703054
1285,0.373701871
1286,0.373714386
1287,0.373739031
1288,0.37372768
1289,0.373716642
1290,0.373685539
1291,0.373621062
1292,0.373539893
1293,0.37346823
1294,0.373405045
1295,0.373331188
1296,0.37323
1297,0.373111119
1298,0.37296924
1299,0.372774949
1300,0.372557562
1301,0.372337975
1302,0.372089655
1303,0.371834586
1304,0.371559953
1305,0.371242947
1306,0.370889413
1307,0.37051029
1308,0.370103984
1309,0.369664115
1310,0.369200735
1311,0.368689392
1312,0.368138747
1313,0.367587805
1314,0.367020571
1315,0.366405504
1316,0.365768936
1317,0.36505926
1318,0.364285823
1319,0.363497263
1320,0.362644508
1321,0.361785929
1322,0.360933694
1323,0.36001849
1324,0.359055334
1325,0.358081375
1326,0.357052971
1327,0.35599509
1328,0.354908765
1329,0.353775886
1330,0.352675774
1331,0.351557308
1332,0.350375276
1333,0.349220723
1334,0.34798276
1335,0.346707241
1336,0.345520029
1337,0.344279872
1338,0.343062615
1339,0.341882428
1340,0.340627364
1341,0.339362376
1342,0.338073147
1343,0.336794884
1344,0.335546621
1345,0.334289533
1346,0.333100521
1347,0.331883235
1348,0.330675256
1349,0.329458739
1350,0.328303022
1351,0.327138658
1352,0.326070232
1353,0.325047698
1354,0.324081897
1355,0.323228467
1356,0.322325987
1357,0.32146696
1358,0.320588321
1359,0.319679047
1360,0.318809077
1361,0.317984416
1362,0.31711578
1363,0.316235026
1364,0.315286753
1365,0.314269402
1366,0.313204434
1367,0.312067587
1368,0.310921843
1369,0.309749595
1370,0.308519836
1371,0.307319018
1372,0.306119336
1373,0.30484752
1374,0.303537167
1375,0.302133363
1376,0.30063225
1377,0.299077652
1378,0.297404801
1379,0.29567232
1380,0.293808246
1381,0.291739655
1382,0.289533301
1383,0.2871267
1384,0.28465843
1385,0.282153452
1386,0.279507278
1387,0.276882507
1388,0.274257863
1389,0.271567176
1390,0.268825707
1391,0.266077628
1392,0.263258021
1393,0.260489868
1394,0.257695324
1395,0.254911766
1396,0.252201839
1397,0.24938144
1398,0.246549272
1399,0.24363706
1400,0.24061851
1401,0.237639601
1402,0.234594913
1403,0.23159585
1404,0.228666065
1405,0.225689773
1406,0.222662784
1407,0.219657974
1408,0.216570737
1409,0.213553263
1410,0.210584822
1411,0.207592829
1412,0.20474348
1413,0.201893684
1414,0.199002449
1415,0.196208768
1416,0.193361901
1417,0.190530581
1418,0.187781539
1419,0.18501452
1420,0.182378173
1421,0.17976617
1422,0.17711627
1423,0.174549396
1424,0.17194193
1425,0.169385152
1426,0.166913889
1427,0.164429365
1428,0.162062787
1429,0.159733204
1430,0.157391705
1431,0.15511816
1432,0.152841733
1433,0.150625462
1434,0.148465063
1435,0.146304042
1436,0.144239825
1437,0.142197134
1438,0.140168703
1439,0.138172961
1440,0.13621326
1441,0.134248166
1442,0.13237234
1443,0.130532303
1444,0.12876875
1445,0.127109341
1446,0.125440449
1447,0.123812187
1448,0.122218581
1449,0.120627588
1450,0.119114339
1451,0.117649803
1452,0.116241071
1453,0.114905643
1454,0.113588691
1455,0.112318739
1456,0.111080218
1457,0.10986882
1458,0.108708045
1459,0.107581527
1460,0.106493003
1461,0.105448445
1462,0.104452874
1463,0.103486669
1464,0.102580164
1465,0.101711427
1466,0.100869908
1467,0.100085147
1468,0.099341335
1469,0.098662108
1470,0.0980328
1471,0.097408809
1472,0.096818435
1473,0.096262609
1474,0.095729689
1475,0.095232451
1476,0.094794562
1477,0.094414223
1478,0.094045481
1479,0.093714683
1480,0.093403036
1481,0.093081395
1482,0.092806302
1483,0.092553809
1484,0.092310439
1485,0.092094967
1486,0.091878633
1487,0.091658233
1488,0.091445507
1489,0.091228292
1490,0.0910122
1491,0.090785013
1492,0.090526855
1493,0.090276452
1494,0.090028709
1495,0.089776588
1496,0.089547872
1497,0.089312521
1498,0.089073746
1499,0.088852225
1500,0.088625373
1501,0.088408924
1502,0.088233228
1503,0.088088414
1504,0.087975355
1505,0.08791373
1506,0.087881981
1507,0.087897856
1508,0.087993123
1509,0.088129551
1510,0.088317941
1511,0.088559523
1512,0.088833857
1513,0.089176392
1514,0.089556865
1515,0.089952229
1516,0.090378351
1517,0.090804637
1518,0.091218943
1519,0.091653989
1520,0.092103166
1521,0.092541788
1522,0.093008696
1523,0.093499667
1524,0.093994669
1525,0.094485944
1526,0.094984216
1527,0.095510867
1528,0.096009126
1529,0.096519028
1530,0.097081684
1531,0.097627345
1532,0.098178009
1533,0.098738235
1534,0.099278353
1535,0.099807873
1536,0.100350909
1537,0.100925704
1538,0.101489011
1539,0.102058203
1540,0.102638205
1541,0.103167066
1542,0.1037077
1543,0.104260972
1544,0.104784808
1545,0.105326736
1546,0.105858856
1547,0.106371362
1548,0.106868431
1549,0.10733611
1550,0.107797041
1551,0.108241445
1552,0.108670602
1553,0.109112151
1554,0.109524079
1555,0.109906945
1556,0.110317652
1557,0.110713614
1558,0.111094646
1559,0.111495571
1560,0.111889666
1561,0.112281468
1562,0.112678434
1563,0.113062265
1564,0.113448983
1565,0.1138388
1566,0.114219697
1567,0.11461282
1568,0.115018804
1569,0.115395184
1570,0.115756544
1571,0.116153233
1572,0.116530444
1573,0.116930909
1574,0.11737397
1575,0.117776786
1576,0.118188105
1577,0.118600302
1578,0.118975421
1579,0.119345522
1580,0.11970437
1581,0.120041401
1582,0.120360316
1583,0.120677001
1584,0.120994888
1585,0.121282878
1586,0.121568253
1587,0.121837007
1588,0.122059495
1589,0.122288575
1590,0.122512562
1591,0.122709096
1592,0.122909939
1593,0.123084935
1594,0.123223388
1595,0.123368729
1596,0.123502785
1597,0.123638358
1598,0.123778118
1599,0.123907395
1600,0.124026789
1601,0.124114201
1602,0.124183063
1603,0.124253303
1604,0.124315768
1605,0.124373987
1606,0.124436114
1607,0.124479028
1608,0.124549173
1609,0.124621205
1610,0.12467691
1611,0.12476676
1612,0.124816419
1613,0.124848355
1614,0.124896409
1615,0.124908038
1616,0.124924413
1617,0.124985441
1618,0.125051491
1619,0.125129059
1620,0.125210703
1621,0.125252483
1622,0.125293974
1623,0.125348735
1624,0.125411925
1625,0.125481637
1626,0.125560021
1627,0.125626849
1628,0.125676325
1629,0.125754215
1630,0.125825958
1631,0.125874019
1632,0.125926527
1633,0.125989804
1634,0.126032546
1635,0.126060377
1636,0.126099559
1637,0.126103784
1638,0.126117822
1639,0.126159562
1640,0.12616859
1641,0.126176217
1642,0.126164738
1643,0.126122244
1644,0.126112629
1645,0.126114567
1646,0.126072247
1647,0.126043171
1648,0.126040268
1649,0.125976913
1650,0.125930252
1651,0.125910719
1652,0.125802819
1653,0.12571922
1654,0.125637595
1655,0.125536221
1656,0.125426567
1657,0.12531659
1658,0.125183533
1659,0.125067577
1660,0.12499107
1661,0.124849134
1662,0.124687734
1663,0.124513618
1664,0.124274401
1665,0.124070188
1666,0.123904181
1667,0.123661395
1668,0.123408159
1669,0.12309116
1670,0.122734155
1671,0.122347133
1672,0.121896127
1673,0.121408836
1674,0.120894754
1675,0.120372948
1676,0.119849266
1677,0.119323563
1678,0.118811029
1679,0.11827337
1680,0.11777672
1681,0.117352513
1682,0.116967754
1683,0.116637177
1684,0.116337467
1685,0.116084977
1686,0.115840346
1687,0.115636129
1688,0.115459594
1689,0.115256426
1690,0.115092405
1691,0.114969476
1692,0.114920018
1693,0.114902847
1694,0.114898021
1695,0.11497498
1696,0.1150868
1697,0.115223672
1698,0.115399641
1699,0.115605086
1700,0.115830486
1701,0.116160144
1702,0.116409527
1703,0.116634034
1704,0.116815571
1705,0.116924977
1706,0.117062731
1707,0.117201089
1708,0.117320602
1709,0.117439247
1710,0.117532785
1711,0.11759212
1712,0.117651911
1713,0.11771062
1714,0.117745968
1715,0.117766985
1716,0.117777144
1717,0.117778148
1718,0.11774767
1719,0.117681239
1720,0.117638173
1721,0.117595211
1722,0.117506735
1723,0.117417381
1724,0.117272977
1725,0.117103636
1726,0.116975988
1727,0.116864855
1728,0.116754158
1729,0.116630295
1730,0.116537673
1731,0.116497261
1732,0.116486152
1733,0.116516569
1734,0.116504363
1735,0.116586577
1736,0.116765113
1737,0.116913925
1738,0.117148957
1739,0.117324046
1740,0.117410647
1741,0.117565758
1742,0.117771057
1743,0.11792726
1744,0.118103878
1745,0.118229669
1746,0.118284271
1747,0.118359494
1748,0.118427584
1749,0.118503733
1750,0.118576422
1751,0.118648739
1752,0.118718271
1753,0.118802712
1754,0.118888909
1755,0.118987126
1756,0.119098788
1757,0.119221423
1758,0.119343144
1759,0.119501091
1760,0.119680863
1761,0.119881756
1762,0.120123903
1763,0.120398409
1764,0.120713125
1765,0.121121584
1766,0.12147875
1767,0.121797827
1768,0.122185832
1769,0.122577101
1770,0.122992967
1771,0.123523581
1772,0.123969531
1773,0.124361666
1774,0.124765803
1775,0.12514673
1776,0.12514673
1777,0.125526752
1778,0.125917624
1779,0.126305561
1780,0.126698272
1781,0.132128097
1782,0.132504019
1783,0.132902248
1784,0.13330829
1785,0.133682356
1786,0.134078491
1787,0.134437774
1788,0.134739704
1789,0.135039456
1790,0.135394764
1791,0.135812678
1792,0.136222295
1793,0.136665839
1794,0.137108325
1795,0.137548235
1796,0.138002983
1797,0.138584455
1798,0.139004572
1799,0.139363241
1800,0.139624393
1801,0.140006664
1802,0.140321552
1803,0.140700056
1804,0.141257209
1805,0.141664745
1806,0.141967939
1807,0.142308452
1808,0.142641402
1809,0.142959013
1810,0.143267453
1811,0.143564851
1812,0.143885763
1813,0.144224834
1814,0.144522267
1815,0.144803532
1816,0.145109397
1817,0.145412395
1818,0.145653958
1819,0.145996295
1820,0.146414779
1821,0.146790453
1822,0.147189791
1823,0.147569828
1824,0.14793604
1825,0.148316135
1826,0.148745335
1827,0.149081283
1828,0.149452718
1829,0.149888043
1830,0.150158479
1831,0.150321807
1832,0.15054319
1833,0.150707656
1834,0.150862512
1835,0.151043556
1836,0.151225583
1837,0.151326089
1838,0.151315847
1839,0.151388759
1840,0.151469765
1841,0.151534951
1842,0.151717119
1843,0.151700409
1844,0.151528782
1845,0.151420625
1846,0.151307306
1847,0.151058089
1848,0.150859131
1849,0.150756491
1850,0.150503664
1851,0.150158275
1852,0.149799507
1853,0.149413969
1854,0.148958135
1855,0.148490716
1856,0.147897107
1857,0.147215022
1858,0.146600485
1859,0.145801719
1860,0.144861288
1861,0.143916345
1862,0.142884414
1863,0.141742105
1864,0.140471345
1865,0.139318003
1866,0.137952145
1867,0.136464607
1868,0.134905739
1869,0.133254155
1870,0.131504916
1871,0.129714739
1872,0.127800083
1873,0.125778569
1874,0.123765603
1875,0.121674961
1876,0.11940566
1877,0.117085117
1878,0.114640643
1879,0.112242622
1880,0.109752111
1881,0.107366819
1882,0.104977485
1883,0.102649358
1884,0.100413045
1885,0.098012412
1886,0.095597057
1887,0.093283519
1888,0.090965689
1889,0.088709081
1890,0.086590014
1891,0.084668495
1892,0.082690992
1893,0.080729573
1894,0.078844859
1895,0.077008232
1896,0.075153006
1897,0.073442593
1898,0.071745057
1899,0.06999124
1900,0.068370758
1901,0.066782227
1902,0.065206819
1903,0.063710797
1904,0.062334337
1905,0.06092463
1906,0.059601811
1907,0.05839171
1908,0.057041223
1909,0.055750345
1910,0.054551246
1911,0.053225437
1912,0.052017484
1913,0.050915435
1914,0.049893693
1915,0.048750537
1916,0.047721621
1917,0.046707404
1918,0.045585395
1919,0.044539747
1920,0.043561237
1921,0.042598052
1922,0.041697419
1923,0.040826215
1924,0.040010558
1925,0.039153245
1926,0.038318782
1927,0.03760925
1928,0.036848658
1929,0.03604605
1930,0.035283655
1931,0.034464005
1932,0.033709306
1933,0.033024542
1934,0.032347505
1935,0.031715321
1936,0.03109841
1937,0.030453028
1938,0.029802496
1939,0.029183669
1940,0.028638697
1941,0.02816681
1942,0.02774634
1943,0.027338374
1944,0.026895119
1945,0.026445664
1946,0.026044426
1947,0.025662813
1948,0.025309509
1949,0.024993338
1950,0.024711072
1951,0.024468231
1952,0.024294387
1953,0.024181642
1954,0.024051818
1955,0.02389086
1956,0.023811786
1957,0.023787699
1958,0.023781759
1959,0.023891509
1960,0.024125108
1961,0.024296313
1962,0.024450337
1963,0.024591917
1964,0.024727578
1965,0.024904641
1966,0.025043947
1967,0.025212651
1968,0.025398231
1969,0.025551937
1970,0.025718951
1971,0.02592927
1972,0.026150068
1973,0.026310386
1974,0.026510086
1975,0.026693441
1976,0.026793355
1977,0.026918514
1978,0.027038652
1979,0.027151275
1980,0.027312271
1981,0.027419645
1982,0.027498326
1983,0.027562838
1984,0.027649341
1985,0.027660399
1986,0.027616587
1987,0.027570349
1988,0.027523726
1989,0.027513107
1990,0.027577558
1991,0.027690446
1992,0.027755243
1993,0.027746523
1994,0.027822973
1995,0.027968944
1996,0.028030342
1997,0.028054439
1998,0.028220072
1999,0.028314362
2000,0.028296766
2001,0.028361207
2002,0.028414192
2003,0.028349588
2004,0.028346516
2005,0.028346742
2006,0.028326706
2007,0.028308883
2008,0.028281083
2009,0.028349249
2010,0.02837191
2011,0.02838414
2012,0.028459383
2013,0.028409167
2014,0.028310251
2015,0.028293357
2016,0.028251239
2017,0.02823339
2018,0.028286161
2019,0.028492857
2020,0.028559537
2021,0.028623864
2022,0.028636799
2023,0.028608605
2024,0.028437176
2025,0.02832532
2026,0.028306636
2027,0.028245665
2028,0.028301104
2029,0.028399484
2030,0.028443075
2031,0.02845643
2032,0.02843436
2033,0.028434839
2034,0.028390852
2035,0.028381837
2036,0.028407364
2037,0.028465551
2038,0.028440909
2039,0.028415856
2040,0.028425829
2041,0.028430402
2042,0.028502736
2043,0.028537213
2044,0.028550932
2045,0.02854899
2046,0.028558362
2047,0.028533034
2048,0.028549021
2049,0.028578672
2050,0.028613693
2051,0.028648492
2052,0.028730651
2053,0.028815061
2054,0.028859477
2055,0.028920704
2056,0.028957393
2057,0.02897524
2058,0.02895833
2059,0.029003477
2060,0.02909093
2061,0.029099295
2062,0.029073247
2063,0.029102568
2064,0.029058502
2065,0.029097093
2066,0.029246571
2067,0.029389226
2068,0.029476896
2069,0.029581299
2070,0.029671412
2071,0.029815593
2072,0.029990546
2073,0.03024734
2074,0.030421032
2075,0.030594245
2076,0.030739275
2077,0.030805944
2078,0.030927629
2079,0.03105047
2080,0.031218462
2081,0.031418966
2082,0.031643381
2083,0.03188583
2084,0.032145509
2085,0.032340159
2086,0.032482305
2087,0.032648579
2088,0.032727663
2089,0.032953547
2090,0.033283859
2091,0.033574634
2092,0.033953645
2093,0.034261024
2094,0.034496376
2095,0.034767511
2096,0.035090416
2097,0.035283268
2098,0.03551679
2099,0.035835774
2100,0.036132672
2101,0.03657858
2102,0.037132333
2103,0.037613618
2104,0.038060852
2105,0.038530706
2106,0.038919793
2107,0.039177397
2108,0.039556744
2109,0.039928552
2110,0.040328702
2111,0.040808761
2112,0.041251713
2113,0.041631308
2114,0.042162239
2115,0.042638271
2116,0.043102164
2117,0.043708891
2118,0.044182106
2119,0.044593019
2120,0.044957375
2121,0.045368332
2122,0.045675581
2123,0.046076338
2124,0.046580676
2125,0.047054617
2126,0.047471357
2127,0.047966652
2128,0.048555553
2129,0.049074059
2130,0.049584373
2131,0.05012495
2132,0.050612414
2133,0.051153024
2134,0.051587249
2135,0.052011523
2136,0.052479774
2137,0.052902445
2138,0.053364258
2139,0.053917748
2140,0.054384343
2141,0.054765449
2142,0.055225939
2143,0.055690224
2144,0.056199436
2145,0.056755474
2146,0.057331971
2147,0.05795702
2148,0.058559566
2149,0.059214031
2150,0.059820465
2151,0.060315629
2152,0.060707909
2153,0.061081096
2154,0.06156103
2155,0.062170838
2156,0.062995399
2157,0.063615266
2158,0.064283042
2159,0.06482122
2160,0.0651868
2161,0.065645681
2162,0.066106222
2163,0.06655434
2164,0.066940012
2165,0.067385952
2166,0.067829311
2167,0.06838516
2168,0.068975267
2169,0.069734079
2170,0.07057854
2171,0.071183311
2172,0.071708444
2173,0.072219052
2174,0.07271699
2175,0.073203475
2176,0.073619189
2177,0.074008105
2178,0.074435946
2179,0.074747164
2180,0.075202902
2181,0.07578999
2182,0.076330218
2183,0.076979369
2184,0.077478179
2185,0.077933649
2186,0.078341246
2187,0.078552947
2188,0.078858072
2189,0.079218977
2190,0.079526902
2191,0.079814261
2192,0.080242443
2193,0.080598105
2194,0.081059507
2195,0.081599745
2196,0.082047137
2197,0.082455853
2198,0.082844505
2199,0.083167671
2200,0.083388687
2201,0.083654206
2202,0.083901706
2203,0.084151436
2204,0.084418824
2205,0.084665572
2206,0.084886291
2207,0.085088509
2208,0.085295306
2209,0.085444539
2210,0.085499144
2211,0.085630241
2212,0.085724164
2213,0.085904608
2214,0.08619174
2215,0.086507084
2216,0.08676172
2217,0.086973592
2218,0.08706615
2219,0.087082995
2220,0.087099346
2221,0.086909981
2222,0.086844456
2223,0.086721819
2224,0.086744294
2225,0.086964263
2226,0.086994724
2227,0.087075837
2228,0.086959427
2229,0.086530532
2230,0.086341756
2231,0.086188766
2232,0.086037104
2233,0.086057701
2234,0.085927895
2235,0.085629498
2236,0.085423241
2237,0.085202431
2238,0.085061136
2239,0.084911475
2240,0.084697008
2241,0.084326992
2242,0.08371015
2243,0.083130313
2244,0.082525445
2245,0.081869592
2246,0.081285987
2247,0.080484902
2248,0.079622554
2249,0.078757882
2250,0.077779628
2251,0.076957209
2252,0.076284902
2253,0.075350351
2254,0.074425203
2255,0.073332098
2256,0.071848721
2257,0.070706328
2258,0.069682116
2259,0.068610009
2260,0.067616683
2261,0.066669809
2262,0.065649932
2263,0.064799294
2264,0.064059372
2265,0.063447264
2266,0.062911443
2267,0.062466419
2268,0.062411421
2269,0.062528485
2270,0.062697657
2271,0.063083754
2272,0.06326712
2273,0.063192708
2274,0.063326451
2275,0.063471614
2276,0.063687254
2277,0.064037227
2278,0.064392564
2279,0.064775234
2280,0.065093975
2281,0.065345807
2282,0.06550907
2283,0.06555066
2284,0.065562569
2285,0.065561366
2286,0.065404863
2287,0.06510317
2288,0.064730044
2289,0.064236707
2290,0.06373988
2291,0.063210433
2292,0.062589815
2293,0.061829204
2294,0.061138435
2295,0.060395512
2296,0.059716968
2297,0.058987112
2298,0.058450427
2299,0.058073873
2300,0.057627945
2301,0.057331334
2302,0.05700878
2303,0.056625167
2304,0.056164987
2305,0.055944527
2306,0.055910123
2307,0.055963546
2308,0.056195602
2309,0.056610608
2310,0.05682504
2311,0.056920538
2312,0.056965029
2313,0.056883608
2314,0.056891266
2315,0.057124976
2316,0.057525674
2317,0.057889844
2318,0.05828032
2319,0.058517402
2320,0.058461176
2321,0.058347261
2322,0.058147377
2323,0.05807539
2324,0.05806691
2325,0.058006431
2326,0.058069725
2327,0.058065577
2328,0.058011482
2329,0.057980306
2330,0.057982523
2331,0.057881299
2332,0.057677064
2333,0.057456614
2334,0.057224384
2335,0.056974476
2336,0.056679144
2337,0.056464915
2338,0.056325863
2339,0.056029094
2340,0.055747885
2341,0.055201672
2342,0.054323497
2343,0.053644975
2344,0.052780257
2345,0.052365803
2346,0.052358642
2347,0.052136848
2348,0.052016534
2349,0.051837813
2350,0.051519948
2351,0.05132597
2352,0.051326797
2353,0.051238304
2354,0.051043971
2355,0.050905009
2356,0.050797645
2357,0.050634364
2358,0.050553448
2359,0.05062238
2360,0.050891684
2361,0.050915728
2362,0.050647968
2363,0.050505728
2364,0.050243736
2365,0.050035096
2366,0.049985412
2367,0.049864053
2368,0.049643046
2369,0.049364466
2370,0.04926978
2371,0.049162294
2372,0.049000567
2373,0.048957701
2374,0.048798704
2375,0.048732755
2376,0.048476271
2377,0.048029519
2378,0.047834837
2379,0.047573292
2380,0.047552933
2381,0.047501326
2382,0.047201286
2383,0.047147006
2384,0.046849287
2385,0.046588839
2386,0.046696432
2387,0.046546321
2388,0.046128932
2389,0.045898837
2390,0.045751044
2391,0.045279342
2392,0.045010349
2393,0.044922546
2394,0.044497813
2395,0.044289978
2396,0.04413887
2397,0.043623849
2398,0.043228683
2399,0.042936401
2400,0.04278109
2401,0.042887251
2402,0.04314331
2403,0.043312158
2404,0.043222998
2405,0.043289656
2406,0.043303272
2407,0.043134381
2408,0.043117116
2409,0.042804589
2410,0.04219395
2411,0.041791944
2412,0.04127383
2413,0.04092678
2414,0.040952447
2415,0.0407822
2416,0.040120583
2417,0.039240294
2418,0.038627879
2419,0.037828016
2420,0.037514758
2421,0.037791441
2422,0.037488363
2423,0.037126587
2424,0.03687186
2425,0.036519853
2426,0.036378887
2427,0.036458393
2428,0.036424202
2429,0.03624522
2430,0.03610107
2431,0.036082833
2432,0.03631335
2433,0.036387106
2434,0.036396469
2435,0.035832531
2436,0.034619434
2437,0.033838785
2438,0.033179238
2439,0.032542865
2440,0.032443414
2441,0.032256717
2442,0.031734194
2443,0.03192742
2444,0.032340595
2445,0.032401135
2446,0.032490496
2447,0.032020201
2448,0.031779781
2449,0.031861988
2450,0.031615754
2451,0.031463409
2452,0.030422728
2453,0.029286861
2454,0.029046574
2455,0.028428038
2456,0.028072855
2457,0.02790899
2458,0.02683648
2459,0.026900778
2460,0.02720558
2461,0.026919839
2462,0.028010045
2463,0.028805203
2464,0.029149643
2465,0.029759148
2466,0.029757317
2467,0.029036705
2468,0.028817649
2469,0.028832286
2470,0.028837581
2471,0.02987056
2472,0.030357793
2473,0.030108645
2474,0.029208405
2475,0.028634265
2476,0.02759338
2477,0.027528162
2478,0.028261654
2479,0.028406445
2480,0.029224198
2481,0.029027734
2482,0.028117436
2483,0.027516589
2484,0.026154124
2485,0.025809867
2486,0.026087313
2487,0.025678257
2488,0.025250892
2489,0.025429738
2490,0.025548485
2491,0.025676907
2492,0.026647604
2493,0.027117885
2494,0.026982825
2495,0.027457461
2496,0.02829826
2497,0.028235513
2498,0.02836076
2499,0.028723972
2500,0.02904527