T(K),Vsol (cm3),œÅsol (g/cm3),V_ice (cm3),Individual salt volumes (cm3),,,,Vol%,,,
,,,,Gypsum,Meridianiite,Mirabilite,Picromerite,Gypsum,Meridianiite,Mirabilite,Picromerite
270.9,243.535,1.05265,824.09,0.000715314,0,0,0,100.0%,0.0%,0.0%,0.0%
270.85,234.693,1.05435,833.778,0.00692833,0,0,0,100.0%,0.0%,0.0%,0.0%
270.8,226.445,1.05604,842.817,0.0127183,0,0,0,100.0%,0.0%,0.0%,0.0%
270.75,218.733,1.05774,851.269,0.0181246,0,0,0,100.0%,0.0%,0.0%,0.0%
270.7,211.509,1.05943,859.187,0.0231856,0,0,0,100.0%,0.0%,0.0%,0.0%
270.65,204.729,1.06113,866.619,0.027928,0,0,0,100.0%,0.0%,0.0%,0.0%
270.6,198.354,1.06284,873.608,0.032383,0,0,0,100.0%,0.0%,0.0%,0.0%
270.55,192.35,1.06454,880.19,0.0365784,0,0,0,100.0%,0.0%,0.0%,0.0%
270.5,186.687,1.06624,886.4,0.0405305,0,0,0,100.0%,0.0%,0.0%,0.0%
270.45,181.337,1.06794,892.266,0.0442632,0,0,0,100.0%,0.0%,0.0%,0.0%
270.4,176.277,1.06965,897.816,0.0477942,0,0,0,100.0%,0.0%,0.0%,0.0%
270.35,171.484,1.07135,903.073,0.0511397,0,0,0,100.0%,0.0%,0.0%,0.0%
270.3,166.938,1.07305,908.06,0.0543107,0,0,0,100.0%,0.0%,0.0%,0.0%
270.25,162.621,1.07476,912.796,0.0573233,0,0,0,100.0%,0.0%,0.0%,0.0%
270.2,158.518,1.07646,917.298,0.0601885,0,0,0,100.0%,0.0%,0.0%,0.0%
270.15,154.613,1.07815,921.583,0.0629183,0,0,0,100.0%,0.0%,0.0%,0.0%
270.1,150.893,1.07985,925.665,0.0655186,0,0,0,100.0%,0.0%,0.0%,0.0%
270.05,147.346,1.08155,929.559,0.0680006,0,0,0,100.0%,0.0%,0.0%,0.0%
270,143.96,1.08324,933.275,0.0703728,0,0,0,100.0%,0.0%,0.0%,0.0%
269.95,140.726,1.08494,936.825,0.0726421,0,0,0,100.0%,0.0%,0.0%,0.0%
269.9,137.634,1.08663,940.221,0.0748152,0,0,0,100.0%,0.0%,0.0%,0.0%
269.85,134.183,1.08827,943.929,0.0773837,0,0.0799614,0,49.2%,0.0%,50.8%,0.0%
269.8,129.328,1.08978,948.92,0.081401,0,0.418546,0,16.3%,0.0%,83.7%,0.0%
269.75,124.821,1.09128,953.554,0.0851355,0,0.733446,0,10.4%,0.0%,89.6%,0.0%
269.7,120.622,1.09277,957.87,0.0886263,0,1.02774,0,7.9%,0.0%,92.1%,0.0%
269.65,116.706,1.09426,961.895,0.0918861,0,1.30268,0,6.6%,0.0%,93.4%,0.0%
269.6,113.042,1.09574,965.659,0.0949442,0,1.56058,0,5.7%,0.0%,94.3%,0.0%
269.55,109.609,1.0972,969.187,0.0978187,0,1.80296,0,5.1%,0.0%,94.9%,0.0%
269.5,106.385,1.09866,972.499,0.100526,0,2.03122,0,4.7%,0.0%,95.3%,0.0%
269.45,103.354,1.10012,975.613,0.103076,0,2.24617,0,4.4%,0.0%,95.6%,0.0%
269.4,100.497,1.10156,978.548,0.105489,0,2.44952,0,4.1%,0.0%,95.9%,0.0%
269.35,97.8007,1.10299,981.317,0.107771,0,2.64181,0,3.9%,0.0%,96.1%,0.0%
269.3,95.2527,1.10442,983.934,0.109935,0,2.82405,0,3.7%,0.0%,96.3%,0.0%
269.25,92.8407,1.10583,986.41,0.111991,0,2.99711,0,3.6%,0.0%,96.4%,0.0%
269.2,90.5552,1.10724,988.757,0.113943,0,3.16137,0,3.5%,0.0%,96.5%,0.0%
269.15,88.3857,1.10864,990.984,0.115805,0,3.31791,0,3.4%,0.0%,96.6%,0.0%
269.1,86.3245,1.11003,993.099,0.117579,0,3.46696,0,3.3%,0.0%,96.7%,0.0%
269.05,84.3638,1.11141,995.111,0.119271,0,3.60907,0,3.2%,0.0%,96.8%,0.0%
269,82.4963,1.11278,997.028,0.12089,0,3.74488,0,3.1%,0.0%,96.9%,0.0%
268.95,80.7159,1.11415,998.855,0.122439,0,3.87472,0,3.1%,0.0%,96.9%,0.0%
268.9,79.0166,1.1155,1000.6,0.123924,0,3.99909,0,3.0%,0.0%,97.0%,0.0%
268.85,77.3933,1.11684,1002.26,0.125348,0,4.11821,0,3.0%,0.0%,97.0%,0.0%
268.8,75.8414,1.11818,1003.85,0.126711,0,4.23223,0,2.9%,0.0%,97.1%,0.0%
268.75,74.3558,1.1195,1005.38,0.128025,0,4.34189,0,2.9%,0.0%,97.1%,0.0%
268.7,72.9328,1.12082,1006.84,0.129288,0,4.44723,0,2.8%,0.0%,97.2%,0.0%
268.65,71.5687,1.12213,1008.24,0.130502,0,4.54837,0,2.8%,0.0%,97.2%,0.0%
268.6,70.2597,1.12343,1009.58,0.131675,0,4.64589,0,2.8%,0.0%,97.2%,0.0%
268.55,69.0029,1.12473,1010.87,0.132801,0,4.73953,0,2.7%,0.0%,97.3%,0.0%
268.5,67.7952,1.12601,1012.1,0.133891,0,4.82998,0,2.7%,0.0%,97.3%,0.0%
268.45,66.6339,1.12728,1013.29,0.134943,0,4.91712,0,2.7%,0.0%,97.3%,0.0%
268.4,65.5163,1.12855,1014.44,0.13596,0,5.00127,0,2.6%,0.0%,97.4%,0.0%
268.35,64.4402,1.1298,1015.54,0.136945,0,5.08265,0,2.6%,0.0%,97.4%,0.0%
268.3,63.4033,1.13105,1016.6,0.137896,0,5.16107,0,2.6%,0.0%,97.4%,0.0%
268.25,62.4036,1.13229,1017.63,0.138818,0,5.23703,0,2.6%,0.0%,97.4%,0.0%
268.2,61.4392,1.13352,1018.61,0.139713,0,5.31059,0,2.6%,0.0%,97.4%,0.0%
268.15,60.5081,1.13474,1019.57,0.140578,0,5.38165,0,2.5%,0.0%,97.5%,0.0%
268.1,59.609,1.13595,1020.49,0.14142,0,5.45063,0,2.5%,0.0%,97.5%,0.0%
268.05,58.74,1.13715,1021.38,0.142238,0,5.51747,0,2.5%,0.0%,97.5%,0.0%
268,57.8998,1.13836,1022.24,0.143029,0,5.58214,0,2.5%,0.0%,97.5%,0.0%
267.95,57.087,1.13955,1023.07,0.1438,0,5.64499,0,2.5%,0.0%,97.5%,0.0%
267.9,56.3003,1.14073,1023.87,0.14455,0,5.706,0,2.5%,0.0%,97.5%,0.0%
267.85,55.5386,1.14189,1024.65,0.145282,0,5.76538,0,2.5%,0.0%,97.5%,0.0%
267.8,54.8004,1.14306,1025.41,0.14599,0,5.82283,0,2.4%,0.0%,97.6%,0.0%
267.75,54.085,1.14422,1026.14,0.146682,0,5.8788,0,2.4%,0.0%,97.6%,0.0%
267.7,53.3915,1.14535,1026.85,0.147358,0,5.93333,0,2.4%,0.0%,97.6%,0.0%
267.65,52.7184,1.1465,1027.53,0.148014,0,5.9862,0,2.4%,0.0%,97.6%,0.0%
267.6,52.0653,1.14763,1028.2,0.148655,0,6.03777,0,2.4%,0.0%,97.6%,0.0%
267.55,51.4311,1.14876,1028.85,0.14928,0,6.08796,0,2.4%,0.0%,97.6%,0.0%
267.5,50.8152,1.14987,1029.48,0.149891,0,6.13685,0,2.4%,0.0%,97.6%,0.0%
267.45,50.2166,1.15098,1030.09,0.150487,0,6.18451,0,2.4%,0.0%,97.6%,0.0%
267.4,49.6348,1.15208,1030.68,0.15107,0,6.23097,0,2.4%,0.0%,97.6%,0.0%
267.35,49.0691,1.15317,1031.26,0.15164,0,6.27636,0,2.4%,0.0%,97.6%,0.0%
267.3,48.5187,1.15425,1031.82,0.152196,0,6.32053,0,2.4%,0.0%,97.6%,0.0%
267.25,47.9828,1.15535,1032.37,0.152738,0,6.36354,0,2.3%,0.0%,97.7%,0.0%
267.2,47.4615,1.15641,1032.9,0.153272,0,6.40574,0,2.3%,0.0%,97.7%,0.0%
267.15,46.9537,1.15747,1033.42,0.153793,0,6.44684,0,2.3%,0.0%,97.7%,0.0%
267.1,46.4591,1.15853,1033.93,0.154303,0,6.48704,0,2.3%,0.0%,97.7%,0.0%
267.05,45.9771,1.15958,1034.42,0.154803,0,6.5263,0,2.3%,0.0%,97.7%,0.0%
267,45.5076,1.1606,1034.9,0.155294,0,6.56479,0,2.3%,0.0%,97.7%,0.0%
266.95,45.0492,1.16165,1035.36,0.155772,0,6.60222,0,2.3%,0.0%,97.7%,0.0%
266.9,44.6026,1.16267,1035.82,0.156243,0,6.639,0,2.3%,0.0%,97.7%,0.0%
266.85,44.1664,1.1637,1036.26,0.156702,0,6.67481,0,2.3%,0.0%,97.7%,0.0%
265.6,35.9184,1.1872,1044.66,0.165933,0,7.37583,0,2.2%,0.0%,97.8%,0.0%
265.55,35.6681,1.18807,1044.91,0.166232,0,7.39786,0,2.2%,0.0%,97.8%,0.0%
265.5,35.4221,1.18894,1045.16,0.166525,0,7.41949,0,2.2%,0.0%,97.8%,0.0%
265.45,35.1811,1.18978,1045.4,0.166816,0,7.44087,0,2.2%,0.0%,97.8%,0.0%
265.4,34.9441,1.19064,1045.64,0.167102,0,7.46186,0,2.2%,0.0%,97.8%,0.0%
265.35,34.7115,1.19148,1045.88,0.167384,0,7.48253,0,2.2%,0.0%,97.8%,0.0%
265.3,34.4828,1.19233,1046.11,0.167662,0,7.50283,0,2.2%,0.0%,97.8%,0.0%
265.25,34.2585,1.19316,1046.34,0.167937,0,7.52291,0,2.2%,0.0%,97.8%,0.0%
265.2,34.0378,1.19399,1046.56,0.168208,0,7.54263,0,2.2%,0.0%,97.8%,0.0%
265.15,33.821,1.19482,1046.78,0.168475,0,7.56205,0,2.2%,0.0%,97.8%,0.0%
265.1,33.608,1.19564,1047,0.168739,0,7.58121,0,2.2%,0.0%,97.8%,0.0%
265.05,33.3985,1.19646,1047.21,0.168999,0,7.60006,0,2.2%,0.0%,97.8%,0.0%
265,33.1921,1.19729,1047.42,0.169255,0,7.61856,0,2.2%,0.0%,97.8%,0.0%
264.95,32.99,1.19808,1047.63,0.169509,0,7.63695,0,2.2%,0.0%,97.8%,0.0%
264.9,32.7906,1.1989,1047.83,0.169759,0,7.65496,0,2.2%,0.0%,97.8%,0.0%
264.85,32.595,1.19968,1048.03,0.170007,0,7.6728,0,2.2%,0.0%,97.8%,0.0%
264.8,32.4021,1.20048,1048.22,0.170251,0,7.69031,0,2.2%,0.0%,97.8%,0.0%
264.75,32.2125,1.20127,1048.41,0.170492,0,7.7076,0,2.2%,0.0%,97.8%,0.0%
264.7,32.0259,1.20206,1048.6,0.17073,0,7.72464,0,2.2%,0.0%,97.8%,0.0%
264.65,31.8423,1.20285,1048.79,0.170965,0,7.74145,0,2.2%,0.0%,97.8%,0.0%
264.6,31.6617,1.20362,1048.97,0.171198,0,7.75807,0,2.2%,0.0%,97.8%,0.0%
264.55,31.4837,1.20439,1049.15,0.171428,0,7.77442,0,2.2%,0.0%,97.8%,0.0%
264.5,31.3084,1.20517,1049.33,0.171654,0,7.79052,0,2.2%,0.0%,97.8%,0.0%
264.45,31.1361,1.20593,1049.5,0.171879,0,7.80647,0,2.2%,0.0%,97.8%,0.0%
264.4,30.9662,1.20669,1049.67,0.1721,0,7.82218,0,2.2%,0.0%,97.8%,0.0%
264.35,30.7988,1.20745,1049.84,0.172319,0,7.83767,0,2.2%,0.0%,97.8%,0.0%
264.3,30.634,1.20821,1050.01,0.172535,0,7.85295,0,2.1%,0.0%,97.9%,0.0%
264.25,30.4715,1.20897,1050.17,0.172749,0,7.86804,0,2.1%,0.0%,97.9%,0.0%
264.2,30.3116,1.20971,1050.33,0.172961,0,7.88294,0,2.1%,0.0%,97.9%,0.0%
264.15,30.1539,1.21046,1050.49,0.17317,0,7.89765,0,2.1%,0.0%,97.9%,0.0%
264.1,29.9986,1.2112,1050.65,0.173376,0,7.91218,0,2.1%,0.0%,97.9%,0.0%
264.05,29.8455,1.21193,1050.81,0.173581,0,7.92652,0,2.1%,0.0%,97.9%,0.0%
264,29.6946,1.21267,1050.96,0.173783,0,7.94069,0,2.1%,0.0%,97.9%,0.0%
263.95,29.5458,1.2134,1051.11,0.173983,0,7.95467,0,2.1%,0.0%,97.9%,0.0%
263.9,29.3992,1.21412,1051.26,0.174181,0,7.96849,0,2.1%,0.0%,97.9%,0.0%
263.85,29.2545,1.21484,1051.4,0.174376,0,7.98214,0,2.1%,0.0%,97.9%,0.0%
263.8,29.1119,1.21557,1051.55,0.17457,0,7.99562,0,2.1%,0.0%,97.9%,0.0%
263.75,28.9713,1.21628,1051.69,0.174761,0,8.00894,0,2.1%,0.0%,97.9%,0.0%
263.7,28.8325,1.21699,1051.83,0.17495,0,8.02211,0,2.1%,0.0%,97.9%,0.0%
263.65,28.6958,1.21769,1051.97,0.175138,0,8.03513,0,2.1%,0.0%,97.9%,0.0%
263.6,28.5607,1.2184,1052.1,0.175323,0,8.04797,0,2.1%,0.0%,97.9%,0.0%
263.55,28.4275,1.21911,1052.24,0.175506,0,8.06067,0,2.1%,0.0%,97.9%,0.0%
263.5,28.2961,1.21981,1052.37,0.175688,0,8.07322,0,2.1%,0.0%,97.9%,0.0%
263.45,28.1664,1.2205,1052.5,0.175868,0,8.08563,0,2.1%,0.0%,97.9%,0.0%
263.4,28.0384,1.22119,1052.63,0.176045,0,8.0979,0,2.1%,0.0%,97.9%,0.0%
263.35,27.9121,1.22188,1052.76,0.176222,0,8.11004,0,2.1%,0.0%,97.9%,0.0%
263.3,27.7873,1.22257,1052.88,0.176396,0,8.12202,0,2.1%,0.0%,97.9%,0.0%
263.25,27.6644,1.22324,1053.01,0.176568,0,8.13391,0,2.1%,0.0%,97.9%,0.0%
263.2,27.5427,1.22393,1053.13,0.176739,0,8.1456,0,2.1%,0.0%,97.9%,0.0%
263.15,27.4229,1.2246,1053.25,0.176908,0,8.15723,0,2.1%,0.0%,97.9%,0.0%
263.1,27.3042,1.22529,1053.37,0.177075,0,8.16866,0,2.1%,0.0%,97.9%,0.0%
263.05,27.1875,1.22594,1053.49,0.177241,0,8.18005,0,2.1%,0.0%,97.9%,0.0%
263,27.1028,1.22675,1053.59,0.176493,0,8.17432,0,2.1%,0.0%,97.9%,0.0%
262.95,26.9884,1.22742,1053.7,0.176659,0,8.18551,0,2.1%,0.0%,97.9%,0.0%
262.9,26.8757,1.22806,1053.81,0.176825,0,8.19664,0,2.1%,0.0%,97.9%,0.0%
262.85,26.7641,1.22872,1053.93,0.176988,0,8.20759,0,2.1%,0.0%,97.9%,0.0%
262.8,26.6534,1.2294,1054.04,0.17715,0,8.21837,0,2.1%,0.0%,97.9%,0.0%
262.75,26.5444,1.23005,1054.15,0.17731,0,8.22909,0,2.1%,0.0%,97.9%,0.0%
262.7,26.4367,1.2307,1054.25,0.177469,0,8.2397,0,2.1%,0.0%,97.9%,0.0%
262.65,26.3303,1.23135,1054.36,0.177626,0,8.2502,0,2.1%,0.0%,97.9%,0.0%
262.6,26.2251,1.232,1054.47,0.177782,0,8.26059,0,2.1%,0.0%,97.9%,0.0%
262.55,26.1214,1.23263,1054.57,0.177937,0,8.2709,0,2.1%,0.0%,97.9%,0.0%
262.5,26.0186,1.23328,1054.67,0.17809,0,8.28107,0,2.1%,0.0%,97.9%,0.0%
262.45,25.9169,1.23393,1054.78,0.178241,0,8.29112,0,2.1%,0.0%,97.9%,0.0%
262.4,25.8165,1.23456,1054.88,0.178391,0,8.3011,0,2.1%,0.0%,97.9%,0.0%
262.35,25.7172,1.2352,1054.98,0.17854,0,8.31097,0,2.1%,0.0%,97.9%,0.0%
262.3,25.6191,1.23583,1055.08,0.178687,0,8.32075,0,2.1%,0.0%,97.9%,0.0%
262.25,25.5221,1.23646,1055.17,0.178833,0,8.33043,0,2.1%,0.0%,97.9%,0.0%
262.2,25.4261,1.23708,1055.27,0.178978,0,8.34001,0,2.1%,0.0%,97.9%,0.0%
262.15,25.3313,1.23771,1055.36,0.179122,0,8.3495,0,2.1%,0.0%,97.9%,0.0%
262.1,25.2374,1.23833,1055.46,0.179264,0,8.3589,0,2.1%,0.0%,97.9%,0.0%
262.05,25.1446,1.23895,1055.55,0.179405,0,8.3682,0,2.1%,0.0%,97.9%,0.0%
262,25.0528,1.23957,1055.64,0.179544,0,8.37742,0,2.1%,0.0%,97.9%,0.0%
261.95,24.9621,1.24018,1055.73,0.179683,0,8.38656,0,2.1%,0.0%,97.9%,0.0%
261.9,24.8723,1.24079,1055.82,0.17982,0,8.39561,0,2.1%,0.0%,97.9%,0.0%
261.85,24.7835,1.2414,1055.91,0.179956,0,8.40456,0,2.1%,0.0%,97.9%,0.0%
261.8,24.6954,1.24201,1056,0.180091,0,8.41342,0,2.1%,0.0%,97.9%,0.0%
261.75,24.6084,1.24262,1056.09,0.180224,0,8.42221,0,2.1%,0.0%,97.9%,0.0%
261.7,24.4636,1.24304,1056.2,0.180365,0.0322068,8.43398,0,2.1%,0.4%,97.5%,0.0%
261.65,24.2468,1.24324,1056.34,0.180512,0.104457,8.44942,0,2.1%,1.2%,96.7%,0.0%
261.6,24.0337,1.24343,1056.48,0.180656,0.175491,8.4646,0,2.0%,2.0%,96.0%,0.0%
261.55,23.8242,1.24364,1056.62,0.180797,0.245171,8.4795,0,2.0%,2.8%,95.2%,0.0%
261.5,23.6183,1.24386,1056.76,0.180935,0.313643,8.49414,0,2.0%,3.5%,94.5%,0.0%
261.45,23.4157,1.24406,1056.89,0.18107,0.381147,8.5086,0,2.0%,4.2%,93.8%,0.0%
261.4,23.2163,1.24422,1057.02,0.181205,0.447943,8.52294,0,2.0%,4.9%,93.1%,0.0%
261.35,23.0205,1.24444,1057.15,0.181334,0.512975,8.53688,0,2.0%,5.6%,92.5%,0.0%
261.3,22.8278,1.24467,1057.28,0.181462,0.576981,8.5506,0,1.9%,6.2%,91.9%,0.0%
261.25,22.6381,1.24485,1057.4,0.181588,0.640323,8.56422,0,1.9%,6.8%,91.2%,0.0%
261.2,22.4514,1.24504,1057.53,0.181711,0.70263,8.57762,0,1.9%,7.4%,90.7%,0.0%
261.15,22.2678,1.24523,1057.65,0.181832,0.763849,8.59079,0,1.9%,8.0%,90.1%,0.0%
261.1,22.087,1.24544,1057.77,0.18195,0.823979,8.60374,0,1.9%,8.6%,89.5%,0.0%
261.05,21.9091,1.24564,1057.88,0.182066,0.883291,8.61652,0,1.9%,9.1%,89.0%,0.0%
261,21.734,1.24585,1058,0.18218,0.941589,8.62909,0,1.9%,9.7%,88.5%,0.0%
260.95,21.5615,1.24602,1058.11,0.182292,0.999304,8.64156,0,1.9%,10.2%,88.0%,0.0%
260.9,21.3916,1.24621,1058.23,0.182402,1.05594,8.6538,0,1.8%,10.7%,87.5%,0.0%
260.85,21.2244,1.24645,1058.34,0.182509,1.11139,8.66577,0,1.8%,11.2%,87.0%,0.0%
260.8,21.0597,1.24662,1058.44,0.182615,1.16645,8.6777,0,1.8%,11.6%,86.5%,0.0%
260.75,20.8975,1.24684,1058.55,0.182718,1.2204,8.68938,0,1.8%,12.1%,86.1%,0.0%
260.7,20.7376,1.24704,1058.66,0.18282,1.27366,8.70092,0,1.8%,12.5%,85.7%,0.0%
260.65,20.5802,1.24723,1058.76,0.18292,1.32615,8.71232,0,1.8%,13.0%,85.2%,0.0%
260.6,20.425,1.24743,1058.86,0.183018,1.37786,8.72355,0,1.8%,13.4%,84.8%,0.0%
260.55,20.2721,1.24763,1058.96,0.183114,1.42878,8.73462,0,1.8%,13.8%,84.4%,0.0%
260.5,20.1214,1.24782,1059.06,0.183208,1.47901,8.74555,0,1.8%,14.2%,84.0%,0.0%
260.45,19.9729,1.24802,1059.16,0.183301,1.52849,8.75633,0,1.8%,14.6%,83.6%,0.0%
260.4,19.8265,1.24822,1059.26,0.183392,1.57728,8.76697,0,1.7%,15.0%,83.3%,0.0%
260.35,19.6822,1.24842,1059.35,0.183481,1.62535,8.77746,0,1.7%,15.4%,82.9%,0.0%
260.3,19.5399,1.24862,1059.45,0.183568,1.67268,8.7878,0,1.7%,15.7%,82.6%,0.0%
260.25,19.3996,1.24881,1059.54,0.183654,1.71949,8.79804,0,1.7%,16.1%,82.2%,0.0%
260.2,19.2613,1.24902,1059.63,0.183738,1.76549,8.80811,0,1.7%,16.4%,81.9%,0.0%
260.15,19.1249,1.24921,1059.72,0.183821,1.81095,8.81807,0,1.7%,16.7%,81.6%,0.0%
260.1,18.9904,1.24939,1059.81,0.183902,1.85589,8.82795,0,1.7%,17.1%,81.2%,0.0%
260.05,18.8576,1.24961,1059.89,0.183982,1.89993,8.83761,0,1.7%,17.4%,80.9%,0.0%
260,18.7268,1.24978,1059.98,0.18406,1.94368,8.84724,0,1.7%,17.7%,80.6%,0.0%
259.95,18.5976,1.25,1060.07,0.184137,1.98651,8.85666,0,1.7%,18.0%,80.3%,0.0%
259.9,18.4701,1.2502,1060.15,0.184212,2.02888,8.86599,0,1.7%,18.3%,80.0%,0.0%
259.85,18.3444,1.2504,1060.23,0.184286,2.07072,8.87522,0,1.7%,18.6%,79.7%,0.0%
259.8,18.2204,1.2506,1060.31,0.184358,2.112,8.88434,0,1.6%,18.9%,79.5%,0.0%
259.75,18.098,1.25076,1060.39,0.18443,2.15291,8.8934,0,1.6%,19.2%,79.2%,0.0%
259.7,17.9772,1.25097,1060.47,0.184499,2.19307,8.90229,0,1.6%,19.4%,78.9%,0.0%
259.65,17.8579,1.25117,1060.55,0.184568,2.23271,8.91108,0,1.6%,19.7%,78.7%,0.0%
259.6,17.7402,1.25137,1060.63,0.184635,2.27182,8.91976,0,1.6%,20.0%,78.4%,0.0%
259.55,17.624,1.25157,1060.71,0.184701,2.31043,8.92834,0,1.6%,20.2%,78.2%,0.0%
259.5,17.5093,1.25178,1060.78,0.184765,2.34849,8.9368,0,1.6%,20.5%,77.9%,0.0%
259.45,17.3961,1.25197,1060.86,0.184829,2.38616,8.9452,0,1.6%,20.7%,77.7%,0.0%
259.4,17.2842,1.25217,1060.93,0.184891,2.4233,8.95348,0,1.6%,21.0%,77.4%,0.0%
259.35,17.1738,1.25237,1061,0.184952,2.45996,8.96167,0,1.6%,21.2%,77.2%,0.0%
259.3,17.0648,1.25257,1061.07,0.185012,2.49617,8.96976,0,1.6%,21.4%,77.0%,0.0%
259.25,16.9571,1.25278,1061.14,0.185071,2.53191,8.97776,0,1.6%,21.6%,76.8%,0.0%
259.2,16.8507,1.25297,1061.21,0.185128,2.5672,8.98568,0,1.6%,21.9%,76.6%,0.0%
259.15,16.7457,1.25317,1061.28,0.185185,2.6021,8.99352,0,1.6%,22.1%,76.3%,0.0%
259.1,16.6419,1.25337,1061.35,0.18524,2.63648,9.00124,0,1.6%,22.3%,76.1%,0.0%
259.05,16.5394,1.25357,1061.42,0.185294,2.67047,9.0089,0,1.6%,22.5%,75.9%,0.0%
259,16.4382,1.25378,1061.49,0.185348,2.70404,9.01646,0,1.6%,22.7%,75.7%,0.0%
258.95,16.3383,1.25394,1061.55,0.1854,2.73737,9.02401,0,1.6%,22.9%,75.5%,0.0%
258.9,16.2394,1.25414,1061.62,0.185451,2.77011,9.03141,0,1.5%,23.1%,75.3%,0.0%
258.85,16.1417,1.25434,1061.68,0.185501,2.80245,9.03873,0,1.5%,23.3%,75.2%,0.0%
258.8,16.0452,1.25455,1061.74,0.18555,2.8344,9.04597,0,1.5%,23.5%,75.0%,0.0%
258.75,15.9498,1.25475,1061.81,0.185598,2.86596,9.05314,0,1.5%,23.7%,74.8%,0.0%
258.7,15.8555,1.25496,1061.87,0.185645,2.8971,9.06022,0,1.5%,23.9%,74.6%,0.0%
258.65,15.7624,1.25515,1061.93,0.185692,2.92797,9.06725,0,1.5%,24.0%,74.4%,0.0%
258.6,15.6703,1.25536,1061.99,0.185737,2.9584,9.07419,0,1.5%,24.2%,74.3%,0.0%
258.55,15.5793,1.25556,1062.05,0.185781,2.98849,9.08107,0,1.5%,24.4%,74.1%,0.0%
258.5,15.4894,1.25576,1062.11,0.185825,3.01821,9.08787,0,1.5%,24.6%,73.9%,0.0%
258.45,15.4004,1.25597,1062.17,0.185867,3.04758,9.0946,0,1.5%,24.7%,73.8%,0.0%
258.4,15.3125,1.25617,1062.23,0.185908,3.07662,9.10126,0,1.5%,24.9%,73.6%,0.0%
258.35,15.2257,1.25634,1062.28,0.185949,3.10541,9.10789,0,1.5%,25.0%,73.5%,0.0%
258.3,15.1396,1.25657,1062.34,0.185989,3.13367,9.11439,0,1.5%,25.2%,73.3%,0.0%
258.25,15.0546,1.25677,1062.4,0.186028,3.1617,9.12086,0,1.5%,25.4%,73.2%,0.0%
258.2,14.9706,1.25698,1062.45,0.186066,3.1894,9.12726,0,1.5%,25.5%,73.0%,0.0%
258.15,14.8875,1.25718,1062.51,0.186103,3.21679,9.1336,0,1.5%,25.7%,72.9%,0.0%
258.1,14.8054,1.25738,1062.56,0.186139,3.24387,9.13987,0,1.5%,25.8%,72.7%,0.0%
258.05,14.7241,1.25757,1062.61,0.186175,3.27068,9.1461,0,1.5%,26.0%,72.6%,0.0%
258,14.6438,1.25777,1062.67,0.18621,3.29714,9.15226,0,1.5%,26.1%,72.4%,0.0%
257.95,14.5644,1.25796,1062.72,0.186244,3.32335,9.15838,0,1.5%,26.2%,72.3%,0.0%
257.9,14.4857,1.25816,1062.77,0.186277,3.3492,9.16441,0,1.5%,26.4%,72.2%,0.0%
257.85,14.4079,1.25837,1062.82,0.186309,3.37475,9.17038,0,1.5%,26.5%,72.0%,0.0%
257.8,14.3309,1.25858,1062.87,0.186341,3.4,9.17629,0,1.5%,26.6%,71.9%,0.0%
257.75,14.2548,1.2588,1062.92,0.186371,3.42497,9.18215,0,1.5%,26.8%,71.8%,0.0%
257.7,14.1795,1.25899,1062.97,0.186401,3.44971,9.18797,0,1.5%,26.9%,71.6%,0.0%
257.65,14.105,1.2592,1063.02,0.186431,3.47414,9.19372,0,1.5%,27.0%,71.5%,0.0%
257.6,14.0313,1.2594,1063.07,0.186459,3.49831,9.19943,0,1.4%,27.2%,71.4%,0.0%
257.55,13.9584,1.25959,1063.12,0.186487,3.52226,9.2051,0,1.4%,27.3%,71.3%,0.0%
257.5,13.8862,1.25981,1063.17,0.186514,3.54584,9.21068,0,1.4%,27.4%,71.2%,0.0%
257.45,13.8148,1.26001,1063.21,0.18654,3.56924,9.21623,0,1.4%,27.5%,71.0%,0.0%
257.4,13.7441,1.26023,1063.26,0.186566,3.59233,9.22172,0,1.4%,27.6%,70.9%,0.0%
257.35,13.6741,1.26043,1063.31,0.186591,3.61519,9.22717,0,1.4%,27.7%,70.8%,0.0%
257.3,13.6049,1.26064,1063.35,0.186615,3.63781,9.23256,0,1.4%,27.9%,70.7%,0.0%
257.25,13.5365,1.26082,1063.4,0.186639,3.66024,9.23794,0,1.4%,28.0%,70.6%,0.0%
257.2,13.4687,1.26104,1063.44,0.186662,3.68234,9.24323,0,1.4%,28.1%,70.5%,0.0%
257.15,13.4015,1.26125,1063.49,0.186684,3.7042,9.24848,0,1.4%,28.2%,70.4%,0.0%
257.1,13.3351,1.26146,1063.53,0.186705,3.72584,9.25368,0,1.4%,28.3%,70.3%,0.0%
257.05,13.2693,1.26167,1063.57,0.186726,3.74726,9.25885,0,1.4%,28.4%,70.2%,0.0%
257,13.2003,1.26182,1063.62,0.186754,3.76821,9.26422,0.00126112,1.4%,28.5%,70.1%,0.0%
256.95,13.12,1.26194,1063.67,0.186803,3.78793,9.27015,0.00605438,1.4%,28.6%,70.0%,0.0%
256.9,13.0405,1.26204,1063.73,0.186852,3.80746,9.27603,0.0108211,1.4%,28.7%,69.8%,0.1%
256.85,12.9619,1.26215,1063.78,0.186899,3.82674,9.28185,0.0155329,1.4%,28.7%,69.7%,0.1%
256.8,12.8841,1.26226,1063.84,0.186946,3.84579,9.28762,0.0201982,1.4%,28.8%,69.6%,0.2%
256.75,12.8071,1.26235,1063.89,0.186992,3.86465,9.29335,0.0248363,1.4%,28.9%,69.5%,0.2%
256.7,12.7309,1.26246,1063.94,0.187037,3.88326,9.29901,0.029412,1.4%,29.0%,69.4%,0.2%
256.65,12.6555,1.26256,1064,0.187081,3.90166,9.30462,0.033952,1.4%,29.1%,69.3%,0.3%
256.6,12.5809,1.26268,1064.05,0.187124,3.91981,9.31017,0.0384304,1.4%,29.1%,69.2%,0.3%
256.55,12.507,1.26279,1064.1,0.187166,3.93778,9.31568,0.042881,1.4%,29.2%,69.1%,0.3%
256.5,12.4339,1.26287,1064.15,0.187208,3.95558,9.32116,0.0473122,1.4%,29.3%,69.0%,0.4%
256.45,12.3615,1.263,1064.2,0.187248,3.9731,9.32655,0.051658,1.4%,29.3%,68.9%,0.4%
256.4,12.2897,1.26313,1064.25,0.187287,3.99039,9.33188,0.0559566,1.4%,29.4%,68.8%,0.4%
256.35,12.2188,1.26323,1064.3,0.187326,4.00757,9.3372,0.060256,1.4%,29.5%,68.7%,0.4%
256.3,12.1485,1.26333,1064.35,0.187364,4.02452,9.34247,0.0645025,1.4%,29.6%,68.6%,0.5%
256.25,12.0789,1.26345,1064.4,0.187402,4.04126,9.34768,0.0687029,1.4%,29.6%,68.5%,0.5%
256.2,12.01,1.26358,1064.44,0.187438,4.05778,9.35283,0.0728481,1.4%,29.7%,68.4%,0.5%
256.15,11.9418,1.26371,1064.49,0.187473,4.07412,9.35795,0.0769648,1.4%,29.7%,68.3%,0.6%
256.1,11.8743,1.2638,1064.54,0.187508,4.09033,9.36305,0.0810721,1.4%,29.8%,68.2%,0.6%
256.05,11.8073,1.26392,1064.58,0.187542,4.10631,9.36807,0.0851177,1.4%,29.9%,68.1%,0.6%
256,11.7411,1.26404,1064.63,0.187575,4.12212,9.37307,0.0891339,1.4%,29.9%,68.1%,0.6%
255.95,11.6754,1.26417,1064.68,0.187607,4.13772,9.378,0.0930966,1.4%,30.0%,68.0%,0.7%
255.9,11.6104,1.2643,1064.72,0.187639,4.15315,9.3829,0.0970295,1.4%,30.1%,67.9%,0.7%
255.85,11.546,1.26441,1064.77,0.18767,4.16843,9.38777,0.100945,1.4%,30.1%,67.8%,0.7%
255.8,11.4823,1.26453,1064.81,0.1877,4.18353,9.3926,0.10482,1.4%,30.2%,67.7%,0.8%
255.75,11.4191,1.26465,1064.86,0.187729,4.19846,9.39739,0.108661,1.4%,30.2%,67.6%,0.8%
255.7,11.3565,1.26477,1064.9,0.187757,4.21321,9.40213,0.112464,1.3%,30.3%,67.6%,0.8%
255.65,11.2945,1.26492,1064.94,0.187785,4.22777,9.40682,0.116217,1.3%,30.3%,67.5%,0.8%
255.6,11.2331,1.265,1064.99,0.187812,4.24225,9.41152,0.119995,1.3%,30.4%,67.4%,0.9%
255.55,11.1721,1.26519,1065.03,0.187838,4.25641,9.41609,0.123641,1.3%,30.4%,67.3%,0.9%
255.5,11.1118,1.26531,1065.07,0.187863,4.27052,9.42069,0.12732,1.3%,30.5%,67.3%,0.9%
255.45,11.0521,1.26544,1065.11,0.187888,4.28445,9.42523,0.130956,1.3%,30.5%,67.2%,0.9%
255.4,10.9929,1.26558,1065.15,0.187912,4.29821,9.42974,0.134558,1.3%,30.6%,67.1%,1.0%
255.35,10.9342,1.26571,1065.2,0.187935,4.31183,9.43422,0.138138,1.3%,30.6%,67.0%,1.0%
255.3,10.8761,1.26585,1065.24,0.187958,4.3253,9.43867,0.141685,1.3%,30.7%,67.0%,1.0%
255.25,10.8184,1.26599,1065.28,0.187979,4.33861,9.44307,0.145196,1.3%,30.7%,66.9%,1.0%
255.2,10.7613,1.26613,1065.32,0.188,4.35177,9.44744,0.148682,1.3%,30.8%,66.8%,1.1%
255.15,10.7048,1.26626,1065.36,0.188021,4.36478,9.45178,0.15214,1.3%,30.8%,66.8%,1.1%
255.1,10.6487,1.26641,1065.4,0.18804,4.37764,9.45608,0.155562,1.3%,30.9%,66.7%,1.1%
255.05,10.5931,1.26655,1065.44,0.188059,4.39036,9.46035,0.15896,1.3%,30.9%,66.6%,1.1%
255,10.538,1.26669,1065.47,0.188077,4.40295,9.46459,0.162334,1.3%,31.0%,66.6%,1.1%
254.95,10.4833,1.26684,1065.51,0.188095,4.41538,9.46879,0.165675,1.3%,31.0%,66.5%,1.2%
254.9,10.4293,1.26695,1065.55,0.188112,4.42772,9.47299,0.169018,1.3%,31.1%,66.4%,1.2%
254.85,10.3756,1.26713,1065.59,0.188128,4.43984,9.47711,0.172279,1.3%,31.1%,66.4%,1.2%
254.8,10.3223,1.26729,1065.63,0.188143,4.45185,9.48121,0.175532,1.3%,31.1%,66.3%,1.2%
254.75,10.2696,1.26744,1065.66,0.188158,4.46374,9.48529,0.178768,1.3%,31.2%,66.3%,1.2%
254.7,10.2173,1.2676,1065.7,0.188171,4.47548,9.48934,0.181971,1.3%,31.2%,66.2%,1.3%
254.65,10.1654,1.26776,1065.74,0.188185,4.48709,9.49335,0.185147,1.3%,31.3%,66.1%,1.3%
254.6,10.1141,1.26791,1065.77,0.188197,4.49858,9.49734,0.188305,1.3%,31.3%,66.1%,1.3%
254.55,10.0631,1.26806,1065.81,0.188209,4.50995,9.50131,0.19144,1.3%,31.3%,66.0%,1.3%
254.5,10.0126,1.26822,1065.85,0.18822,4.52117,9.50523,0.194541,1.3%,31.4%,66.0%,1.4%
254.45,9.96252,1.26837,1065.88,0.188231,4.53229,9.50915,0.19763,1.3%,31.4%,65.9%,1.4%
254.4,9.91281,1.26854,1065.92,0.18824,4.54326,9.51301,0.200677,1.3%,31.5%,65.9%,1.4%
254.35,9.86352,1.26872,1065.95,0.188249,4.5541,9.51685,0.203699,1.3%,31.5%,65.8%,1.4%
254.3,9.81463,1.2689,1065.99,0.188258,4.56482,9.52065,0.206695,1.3%,31.5%,65.7%,1.4%
254.25,9.76627,1.26904,1066.02,0.188266,4.57545,9.52447,0.209699,1.3%,31.6%,65.7%,1.4%
254.2,9.7182,1.26922,1066.06,0.188272,4.58593,9.52823,0.212651,1.3%,31.6%,65.6%,1.5%
254.15,9.67063,1.26937,1066.09,0.188279,4.59633,9.53198,0.215604,1.3%,31.6%,65.6%,1.5%
254.1,9.62331,1.26956,1066.13,0.188284,4.60656,9.53568,0.218501,1.3%,31.7%,65.5%,1.5%
254.05,9.57645,1.26974,1066.16,0.188289,4.6167,9.53936,0.221392,1.3%,31.7%,65.5%,1.5%
254,9.52997,1.26992,1066.19,0.188294,4.62672,9.54302,0.22426,1.3%,31.7%,65.4%,1.5%
253.95,9.48387,1.27009,1066.23,0.188297,4.63663,9.54666,0.227107,1.3%,31.8%,65.4%,1.6%
253.9,9.43815,1.27027,1066.26,0.1883,4.64642,9.55027,0.229931,1.3%,31.8%,65.3%,1.6%
253.85,9.39282,1.27045,1066.29,0.188302,4.65611,9.55386,0.232738,1.3%,31.8%,65.3%,1.6%
253.8,9.34788,1.27061,1066.32,0.188304,4.6657,9.55744,0.235531,1.3%,31.9%,65.3%,1.6%
253.75,9.30327,1.2708,1066.36,0.188304,4.67516,9.56098,0.238293,1.3%,31.9%,65.2%,1.6%
253.7,9.259,1.27098,1066.39,0.188305,4.68452,9.56449,0.241031,1.3%,31.9%,65.2%,1.6%
253.65,9.21514,1.27116,1066.42,0.188304,4.69378,9.56799,0.243758,1.3%,31.9%,65.1%,1.7%
253.6,9.17143,1.2714,1066.45,0.188302,4.70289,9.57143,0.246426,1.3%,32.0%,65.1%,1.7%
253.55,9.12836,1.27154,1066.48,0.188301,4.71196,9.5749,0.249132,1.3%,32.0%,65.0%,1.7%
253.5,9.08538,1.27177,1066.51,0.188298,4.72087,9.5783,0.251768,1.3%,32.0%,65.0%,1.7%
253.45,9.04303,1.27191,1066.54,0.188295,4.72974,9.58174,0.254441,1.3%,32.1%,64.9%,1.7%
253.4,9.0008,1.27211,1066.57,0.18829,4.73846,9.58512,0.257053,1.3%,32.1%,64.9%,1.7%
253.35,8.95887,1.27234,1066.6,0.188286,4.74707,9.58846,0.259639,1.3%,32.1%,64.9%,1.8%
253.3,8.91744,1.2725,1066.64,0.18828,4.75562,9.59182,0.262237,1.3%,32.1%,64.8%,1.8%
253.25,8.87626,1.2727,1066.67,0.188274,4.76406,9.59513,0.264802,1.3%,32.2%,64.8%,1.8%
253.2,8.83532,1.27292,1066.69,0.188267,4.77238,9.59842,0.267333,1.3%,32.2%,64.7%,1.8%
253.15,8.79484,1.27309,1066.72,0.188259,4.78063,9.60171,0.269872,1.3%,32.2%,64.7%,1.8%
253.1,8.75461,1.27329,1066.75,0.188251,4.78877,9.60497,0.272381,1.3%,32.2%,64.7%,1.8%
253.05,8.71477,1.27347,1066.78,0.188242,4.79683,9.60822,0.274884,1.3%,32.3%,64.6%,1.8%
253,8.67501,1.27372,1066.81,0.188232,4.80475,9.6114,0.27733,1.3%,32.3%,64.6%,1.9%
252.95,8.63592,1.27386,1066.84,0.188222,4.81265,9.61464,0.279819,1.3%,32.3%,64.5%,1.9%
252.9,8.59656,1.27418,1066.87,0.188211,4.82035,9.61775,0.282196,1.3%,32.3%,64.5%,1.9%
252.85,8.55799,1.27435,1066.9,0.188199,4.82805,9.62093,0.284636,1.3%,32.4%,64.5%,1.9%
252.8,8.51953,1.27457,1066.93,0.188186,4.83562,9.62406,0.287028,1.3%,32.4%,64.4%,1.9%
252.75,8.48143,1.27478,1066.95,0.188173,4.84312,9.62718,0.289413,1.3%,32.4%,64.4%,1.9%
252.7,8.44343,1.27505,1066.98,0.188158,4.85049,9.63025,0.291752,1.3%,32.4%,64.4%,2.0%
252.65,8.40606,1.27522,1067.01,0.188144,4.85783,9.63337,0.294128,1.3%,32.4%,64.3%,2.0%
252.6,8.36884,1.27542,1067.04,0.188128,4.86506,9.63643,0.296465,1.3%,32.5%,64.3%,2.0%
252.55,8.33177,1.27568,1067.06,0.188112,4.87219,9.63946,0.298766,1.3%,32.5%,64.3%,2.0%
252.5,8.29511,1.27589,1067.09,0.188095,4.87925,9.6425,0.301069,1.3%,32.5%,64.2%,2.0%
252.45,8.25852,1.27617,1067.12,0.188077,4.88619,9.64548,0.303326,1.3%,32.5%,64.2%,2.0%
252.4,8.2225,1.27635,1067.15,0.188058,4.89309,9.64849,0.305611,1.3%,32.5%,64.2%,2.0%
252.35,8.18674,1.27654,1067.17,0.188039,4.89991,9.65148,0.307878,1.2%,32.6%,64.1%,2.0%
252.3,8.15101,1.27681,1067.2,0.188019,4.90661,9.65442,0.310094,1.2%,32.6%,64.1%,2.1%
252.25,8.1157,1.27704,1067.23,0.187998,4.91325,9.65736,0.312315,1.2%,32.6%,64.1%,2.1%
252.2,8.08065,1.27726,1067.25,0.187976,4.9198,9.66029,0.314522,1.2%,32.6%,64.0%,2.1%
252.15,8.04579,1.27751,1067.28,0.187953,4.92627,9.66319,0.316702,1.2%,32.6%,64.0%,2.1%
252.1,8.01113,1.27778,1067.3,0.18793,4.93265,9.66606,0.318861,1.2%,32.7%,64.0%,2.1%
252.05,7.97697,1.27797,1067.33,0.187906,4.93897,9.66896,0.321035,1.2%,32.7%,64.0%,2.1%
252,7.94276,1.27826,1067.35,0.187881,4.94519,9.67179,0.323155,1.2%,32.7%,63.9%,2.1%
251.95,7.909,1.2785,1067.38,0.187855,4.95135,9.67464,0.325286,1.2%,32.7%,63.9%,2.1%
251.9,7.87535,1.27877,1067.41,0.187829,4.95742,9.67745,0.327383,1.2%,32.7%,63.9%,2.2%
251.85,7.84211,1.279,1067.43,0.187802,4.96342,9.68027,0.329488,1.2%,32.7%,63.8%,2.2%
251.8,7.80919,1.2792,1067.46,0.187773,4.96936,9.68308,0.331587,1.2%,32.8%,63.8%,2.2%
251.75,7.77618,1.27951,1067.48,0.187745,4.97519,9.68583,0.33363,1.2%,32.8%,63.8%,2.2%
251.7,7.74345,1.27981,1067.5,0.187715,4.98095,9.68857,0.335663,1.2%,32.8%,63.8%,2.2%
251.65,7.71123,1.28003,1067.53,0.187684,4.98667,9.69134,0.337716,1.2%,32.8%,63.7%,2.2%
251.6,7.6791,1.2803,1067.55,0.187653,4.99229,9.69406,0.339736,1.2%,32.8%,63.7%,2.2%
251.55,7.64731,1.28053,1067.58,0.18762,4.99785,9.69679,0.341755,1.2%,32.8%,63.7%,2.2%
251.5,7.61559,1.28081,1067.6,0.187587,5.00333,9.69948,0.343741,1.2%,32.8%,63.7%,2.3%
251.45,7.58425,1.28106,1067.63,0.187553,5.00875,9.70218,0.345731,1.2%,32.9%,63.6%,2.3%
251.4,7.55303,1.28133,1067.65,0.187518,5.01408,9.70485,0.347694,1.2%,32.9%,63.6%,2.3%
251.35,7.52197,1.28163,1067.67,0.187482,5.01935,9.7075,0.349637,1.2%,32.9%,63.6%,2.3%
251.3,7.49137,1.28185,1067.7,0.187445,5.02456,9.71016,0.351592,1.2%,32.9%,63.6%,2.3%
251.25,7.46058,1.28221,1067.72,0.187408,5.02967,9.71275,0.353488,1.2%,32.9%,63.6%,2.3%
251.2,7.43042,1.28244,1067.74,0.187369,5.03474,9.71539,0.355416,1.2%,32.9%,63.5%,2.3%
251.15,7.40025,1.28274,1067.77,0.18733,5.03973,9.71798,0.357306,1.2%,32.9%,63.5%,2.3%
251.1,7.37035,1.28303,1067.79,0.18729,5.04465,9.72056,0.359188,1.2%,32.9%,63.5%,2.3%
251.05,7.3407,1.28331,1067.81,0.187248,5.04951,9.72314,0.361062,1.2%,33.0%,63.5%,2.4%
251,7.31138,1.28355,1067.83,0.187206,5.05432,9.72571,0.362934,1.2%,33.0%,63.4%,2.4%
250.95,7.28213,1.28384,1067.86,0.187163,5.05905,9.72826,0.36478,1.2%,33.0%,63.4%,2.4%
250.9,7.25293,1.28418,1067.88,0.187119,5.0637,9.73077,0.366595,1.2%,33.0%,63.4%,2.4%
250.85,7.22411,1.28447,1067.9,0.187074,5.0683,9.73329,0.368416,1.2%,33.0%,63.4%,2.4%
250.8,7.19564,1.28472,1067.92,0.187027,5.07284,9.73582,0.370239,1.2%,33.0%,63.4%,2.4%
250.75,7.16706,1.28506,1067.95,0.18698,5.07731,9.73829,0.372018,1.2%,33.0%,63.3%,2.4%
250.7,7.13884,1.28536,1067.97,0.186932,5.08172,9.74078,0.3738,1.2%,33.0%,63.3%,2.4%
250.65,7.1108,1.28566,1067.99,0.186883,5.08607,9.74324,0.375568,1.2%,33.0%,63.3%,2.4%
250.6,7.08296,1.28597,1068.01,0.186833,5.09035,9.74569,0.377323,1.2%,33.1%,63.3%,2.5%
250.55,7.0553,1.28628,1068.03,0.186782,5.09458,9.74813,0.379065,1.2%,33.1%,63.3%,2.5%
250.5,7.02789,1.28659,1068.05,0.18673,5.09874,9.75057,0.380799,1.2%,33.1%,63.2%,2.5%
250.45,7.00062,1.2869,1068.08,0.186677,5.10285,9.75298,0.382517,1.2%,33.1%,63.2%,2.5%
250.4,6.97378,1.28715,1068.1,0.186622,5.1069,9.75541,0.384244,1.2%,33.1%,63.2%,2.5%
250.35,6.94674,1.28752,1068.12,0.186567,5.11088,9.75778,0.385923,1.2%,33.1%,63.2%,2.5%
250.3,6.92025,1.28778,1068.14,0.18651,5.11482,9.76018,0.387624,1.2%,33.1%,63.2%,2.5%
250.25,6.89375,1.2881,1068.16,0.186452,5.11869,9.76255,0.389295,1.2%,33.1%,63.2%,2.5%
250.2,6.86717,1.2885,1068.18,0.186394,5.12249,9.76488,0.390931,1.2%,33.1%,63.1%,2.5%
250.15,6.84093,1.28886,1068.2,0.186334,5.12625,9.76721,0.392569,1.2%,33.1%,63.1%,2.5%
250.1,6.81533,1.28909,1068.22,0.186273,5.12996,9.76957,0.394234,1.2%,33.1%,63.1%,2.5%
250.05,6.78945,1.28945,1068.24,0.186211,5.1336,9.77188,0.395849,1.2%,33.1%,63.1%,2.6%
250,6.76395,1.28976,1068.26,0.186147,5.1372,9.7742,0.39747,1.2%,33.2%,63.1%,2.6%
249.95,6.73845,1.29012,1068.28,0.186083,5.14073,9.77649,0.399063,1.2%,33.2%,63.1%,2.6%
249.9,6.71304,1.29051,1068.3,0.186017,5.14421,9.77876,0.400639,1.2%,33.2%,63.0%,2.6%
249.85,6.688,1.29084,1068.32,0.18595,5.14764,9.78103,0.402219,1.2%,33.2%,63.0%,2.6%
249.8,6.66316,1.29117,1068.34,0.185882,5.15102,9.7833,0.40379,1.2%,33.2%,63.0%,2.6%
249.75,6.63835,1.29154,1068.36,0.185813,5.15434,9.78554,0.405339,1.2%,33.2%,63.0%,2.6%
249.7,6.61374,1.2919,1068.38,0.185742,5.15761,9.78778,0.406879,1.2%,33.2%,63.0%,2.6%
249.65,6.58961,1.29218,1068.4,0.18567,5.16084,9.79003,0.408431,1.2%,33.2%,63.0%,2.6%
249.6,6.56519,1.29259,1068.42,0.185597,5.164,9.79223,0.409938,1.2%,33.2%,63.0%,2.6%
249.55,6.54121,1.29293,1068.44,0.185522,5.16712,9.79444,0.411455,1.2%,33.2%,63.0%,2.6%
249.5,6.51731,1.29329,1068.46,0.185446,5.17019,9.79663,0.412954,1.2%,33.2%,62.9%,2.7%
249.45,6.49389,1.29356,1068.48,0.185368,5.17322,9.79885,0.414466,1.2%,33.2%,62.9%,2.7%
249.4,6.47007,1.294,1068.5,0.18529,5.17618,9.801,0.415925,1.2%,33.2%,62.9%,2.7%
249.35,6.44665,1.29437,1068.52,0.18521,5.17911,9.80316,0.417392,1.2%,33.2%,62.9%,2.7%
249.3,6.42333,1.29476,1068.54,0.185129,5.18198,9.8053,0.418844,1.2%,33.2%,62.9%,2.7%
249.25,6.40031,1.29512,1068.55,0.185046,5.18481,9.80745,0.420294,1.2%,33.2%,62.9%,2.7%
249.2,6.37733,1.2955,1068.57,0.184961,5.18759,9.80958,0.421727,1.2%,33.2%,62.9%,2.7%
249.15,6.35447,1.2959,1068.59,0.184876,5.19032,9.81169,0.423146,1.2%,33.2%,62.9%,2.7%
249.1,6.33217,1.29619,1068.61,0.184788,5.19301,9.81383,0.424583,1.2%,33.3%,62.8%,2.7%
249.05,6.30954,1.29662,1068.63,0.184699,5.19565,9.81591,0.425976,1.2%,33.3%,62.8%,2.7%
249,6.28723,1.297,1068.65,0.184609,5.19825,9.818,0.42737,1.2%,33.3%,62.8%,2.7%
248.95,6.26507,1.29738,1068.66,0.184517,5.2008,9.82009,0.428755,1.2%,33.3%,62.8%,2.7%
248.9,6.24319,1.29773,1068.68,0.184423,5.20332,9.82217,0.430138,1.2%,33.3%,62.8%,2.8%
248.85,6.22121,1.29816,1068.7,0.184328,5.20578,9.82422,0.431493,1.2%,33.3%,62.8%,2.8%
248.8,3.48442,1.42836,1071.67,0,5.2929,10.0923,0.560293,0.0%,33.2%,63.3%,3.5%
246.05,5.19499,1.3248,1069.58,0.175155,5.28832,9.92526,0.493249,1.1%,33.3%,62.5%,3.1%
246,5.1795,1.32539,1069.6,0.174885,5.28904,9.92684,0.494121,1.1%,33.3%,62.5%,3.1%
245.95,5.16406,1.32599,1069.61,0.17461,5.28973,9.92842,0.494986,1.1%,33.3%,62.5%,3.1%
245.9,5.14877,1.32657,1069.63,0.174328,5.2904,9.93,0.495846,1.1%,33.3%,62.5%,3.1%
245.85,5.1337,1.32712,1069.64,0.174038,5.29105,9.93157,0.496704,1.1%,33.3%,62.5%,3.1%
245.8,4.29838,1.40776,1070.56,0.0237571,5.30954,10.0293,0.538632,0.1%,33.4%,63.1%,3.4%
245.75,5.10326,1.32837,1069.67,0.173443,5.29231,9.93468,0.498384,1.1%,33.3%,62.5%,3.1%
245.7,5.08829,1.32896,1069.68,0.173133,5.29291,9.93623,0.499219,1.1%,33.3%,62.5%,3.1%
245.65,5.07337,1.32956,1069.7,0.172816,5.29349,9.93778,0.500048,1.1%,33.3%,62.5%,3.1%
245.6,5.05846,1.33019,1069.71,0.172493,5.29406,9.93932,0.500868,1.1%,33.3%,62.5%,3.1%
245.55,5.04345,1.33087,1069.72,0.172163,5.29461,9.94085,0.501677,1.1%,33.3%,62.5%,3.2%
245.5,4.28722,1.40619,1070.57,0.0330156,5.30903,10.0294,0.538963,0.2%,33.4%,63.0%,3.4%
245.45,5.0144,1.33199,1069.75,0.171468,5.29565,9.94393,0.503302,1.1%,33.3%,62.5%,3.2%
245.4,4.28381,1.40564,1070.57,0.0361523,5.30886,10.0294,0.539058,0.2%,33.4%,63.0%,3.4%
245.35,4.98477,1.3334,1069.78,0.170748,5.29664,9.94695,0.504879,1.1%,33.3%,62.5%,3.2%
245.3,4.28123,1.40487,1070.57,0.0393325,5.3087,10.0293,0.539147,0.2%,33.4%,63.0%,3.4%
245.25,4.95573,1.3347,1069.8,0.169983,5.29756,9.94998,0.506446,1.1%,33.3%,62.5%,3.2%
245.2,4.94123,1.33539,1069.82,0.169586,5.29799,9.95149,0.507219,1.1%,33.3%,62.5%,3.2%
245.15,4.92677,1.33607,1069.83,0.169177,5.29842,9.95299,0.507988,1.1%,33.3%,62.5%,3.2%
245.1,4.91242,1.33675,1069.84,0.168756,5.29883,9.95449,0.508753,1.1%,33.3%,62.5%,3.2%
245.05,4.89765,1.33758,1069.86,0.168329,5.29923,9.95598,0.5095,1.1%,33.3%,62.5%,3.2%
245,4.27249,1.40312,1070.56,0.0490479,5.30824,10.0291,0.539354,0.3%,33.3%,63.0%,3.4%
244.95,4.8694,1.33887,1069.88,0.167418,5.29997,9.95898,0.511013,1.1%,33.3%,62.5%,3.2%
244.9,4.2702,1.40243,1070.56,0.0523787,5.30809,10.029,0.539404,0.3%,33.3%,63.0%,3.4%
244.85,4.2698,1.40188,1070.56,0.054079,5.30801,10.0289,0.539426,0.3%,33.3%,63.0%,3.4%
244.8,4.82637,1.34116,1069.93,0.165955,5.301,9.96345,0.513227,1.0%,33.2%,62.5%,3.2%
244.75,4.81226,1.34188,1069.94,0.165431,5.30132,9.96495,0.513962,1.0%,33.2%,62.5%,3.2%
244.7,4.798,1.34266,1069.95,0.164891,5.30163,9.96644,0.51469,1.0%,33.2%,62.5%,3.2%
244.65,4.78385,1.34341,1069.97,0.16433,5.30192,9.96793,0.515416,1.0%,33.2%,62.5%,3.2%
244.6,4.26574,1.39997,1070.56,0.062745,5.30766,10.0284,0.539478,0.4%,33.3%,62.9%,3.4%
244.55,4.265,1.39962,1070.55,0.0645293,5.30759,10.0283,0.539477,0.4%,33.3%,62.9%,3.4%
244.5,4.74088,1.34591,1070.01,0.162526,5.30273,9.97241,0.517566,1.0%,33.2%,62.5%,3.2%
244.45,4.26429,1.39873,1070.55,0.0681778,5.30745,10.028,0.539463,0.4%,33.3%,62.9%,3.4%
244.4,4.71213,1.34765,1070.03,0.161198,5.30322,9.97542,0.518988,1.0%,33.2%,62.5%,3.3%
244.35,4.26423,1.39773,1070.55,0.0719357,5.30732,10.0277,0.539429,0.5%,33.3%,62.9%,3.4%
244.3,4.68333,1.34941,1070.06,0.159747,5.30366,9.97847,0.520409,1.0%,33.2%,62.5%,3.3%
244.25,4.26505,1.39657,1070.54,0.075829,5.30719,10.0272,0.539372,0.5%,33.3%,62.9%,3.4%
244.2,4.65455,1.35115,1070.09,0.158142,5.30406,9.98156,0.521836,1.0%,33.2%,62.5%,3.3%
244.15,4.26577,1.39556,1070.54,0.0798516,5.30706,10.0267,0.539286,0.5%,33.3%,62.9%,3.4%
244.1,4.62519,1.35303,1070.12,0.156363,5.30442,9.98471,0.523265,1.0%,33.2%,62.5%,3.3%
244.05,4.60968,1.35423,1070.14,0.155412,5.3046,9.98628,0.523969,1.0%,33.2%,62.5%,3.3%
244,4.5942,1.35539,1070.15,0.154393,5.30476,9.98789,0.524683,1.0%,33.2%,62.5%,3.3%
243.95,4.27088,1.39291,1070.52,0.0885508,5.30681,10.0254,0.539001,0.6%,33.3%,62.8%,3.4%
243.9,4.27299,1.39214,1070.52,0.0909062,5.30675,10.025,0.538897,0.6%,33.2%,62.8%,3.4%
243.85,4.54687,1.35888,1070.2,0.150827,5.30519,9.99293,0.526893,0.9%,33.2%,62.6%,3.3%
243.8,4.53029,1.36017,1070.22,0.149425,5.30531,9.99471,0.527655,0.9%,33.2%,62.6%,3.3%
243.75,4.51364,1.36136,1070.23,0.147846,5.30543,9.99658,0.528453,0.9%,33.2%,62.6%,3.3%
243.7,4.49565,1.36286,1070.25,0.146102,5.30554,9.99851,0.529264,0.9%,33.2%,62.6%,3.3%
243.65,4.29264,1.38709,1070.49,0.104724,5.30645,10.0219,0.538006,0.7%,33.2%,62.8%,3.4%
243.6,4.45563,1.36649,1070.29,0.141735,5.30575,10.0028,0.531026,0.9%,33.2%,62.6%,3.3%
243.55,4.31067,1.38372,1070.46,0.112462,5.30631,10.0194,0.537241,0.7%,33.2%,62.7%,3.4%
243.5,4.40208,1.37188,1070.35,0.13432,5.30597,10.0086,0.533338,0.8%,33.2%,62.6%,3.3%