T(K),Vsol (cm3),œÅsol (g/cm3),V_ice (cm3),Individual salt volumes (cm3),,,,,Vol%,,,,
,,,,Hydrohalite,Sylvite,Gypsum,Meridianiite,Mirabilite,Hydrohalite,Sylvite,Gypsum,Meridianiite,Mirabilite
270.55,242.578,1.04293,825.743,0,0,0.00626149,0,0,0.0%,0.0%,100.0%,0.0%,0.0%
270.5,235.724,1.04396,833.247,0,0,0.0125712,0,0,0.0%,0.0%,100.0%,0.0%,0.0%
270.45,229.239,1.045,840.347,0,0,0.0185482,0,0,0.0%,0.0%,100.0%,0.0%,0.0%
270.4,223.095,1.04603,847.074,0,0,0.0242171,0,0,0.0%,0.0%,100.0%,0.0%,0.0%
270.35,217.266,1.04706,853.457,0,0,0.0296024,0,0,0.0%,0.0%,100.0%,0.0%,0.0%
270.3,211.729,1.04809,859.521,0,0,0.0347253,0,0,0.0%,0.0%,100.0%,0.0%,0.0%
270.25,206.462,1.04912,865.288,0,0,0.0396048,0,0,0.0%,0.0%,100.0%,0.0%,0.0%
270.2,201.447,1.05016,870.78,0,0,0.0442582,0,0,0.0%,0.0%,100.0%,0.0%,0.0%
270.15,196.667,1.05119,876.016,0,0,0.0487008,0,0,0.0%,0.0%,100.0%,0.0%,0.0%
270.1,192.105,1.05222,881.012,0,0,0.0529471,0,0,0.0%,0.0%,100.0%,0.0%,0.0%
270.05,187.747,1.05325,885.785,0,0,0.0570107,0,0,0.0%,0.0%,100.0%,0.0%,0.0%
270,183.377,1.05424,890.543,0,0,0.0610144,0,0.0296781,0.0%,0.0%,67.3%,0.0%,32.7%
269.95,176.273,1.05462,897.868,0,0,0.0664075,0,0.495808,0.0%,0.0%,11.8%,0.0%,88.2%
269.9,169.715,1.05501,904.631,0,0,0.0713637,0,0.925655,0.0%,0.0%,7.2%,0.0%,92.8%
269.85,163.643,1.05539,910.893,0,0,0.0759316,0,1.32325,0.0%,0.0%,5.4%,0.0%,94.6%
269.8,158.005,1.05578,916.708,0,0,0.080153,0,1.69203,0.0%,0.0%,4.5%,0.0%,95.5%
269.75,152.755,1.05616,922.123,0,0,0.0840651,0,2.03507,0.0%,0.0%,4.0%,0.0%,96.0%
269.7,147.855,1.05655,927.177,0,0,0.0876982,0,2.35489,0.0%,0.0%,3.6%,0.0%,96.4%
269.65,143.27,1.05694,931.906,0,0,0.09108,0,2.65377,0.0%,0.0%,3.3%,0.0%,96.7%
269.6,138.972,1.05733,936.34,0,0,0.0942339,0,2.93365,0.0%,0.0%,3.1%,0.0%,96.9%
269.55,134.934,1.05771,940.506,0,0,0.0971816,0,3.19633,0.0%,0.0%,3.0%,0.0%,97.0%
269.5,131.133,1.0581,944.428,0,0,0.0999412,0,3.4433,0.0%,0.0%,2.8%,0.0%,97.2%
269.45,127.549,1.05849,948.127,0,0,0.102529,0,3.6759,0.0%,0.0%,2.7%,0.0%,97.3%
269.4,124.163,1.05888,951.62,0,0,0.104959,0,3.89534,0.0%,0.0%,2.6%,0.0%,97.4%
269.35,120.96,1.05927,954.926,0,0,0.107245,0,4.10269,0.0%,0.0%,2.5%,0.0%,97.5%
269.3,117.926,1.05966,958.058,0,0,0.109398,0,4.29892,0.0%,0.0%,2.5%,0.0%,97.5%
269.25,115.046,1.06005,961.03,0,0,0.111429,0,4.48488,0.0%,0.0%,2.4%,0.0%,97.6%
269.2,112.31,1.06045,963.855,0,0,0.113347,0,4.66136,0.0%,0.0%,2.4%,0.0%,97.6%
269.15,109.707,1.06084,966.542,0,0,0.11516,0,4.82904,0.0%,0.0%,2.3%,0.0%,97.7%
269.1,107.228,1.06123,969.101,0,0,0.116876,0,4.98856,0.0%,0.0%,2.3%,0.0%,97.7%
269.05,104.863,1.06162,971.543,0,0,0.118501,0,5.14049,0.0%,0.0%,2.3%,0.0%,97.7%
269,102.606,1.06202,973.873,0,0,0.120043,0,5.28535,0.0%,0.0%,2.2%,0.0%,97.8%
268.95,100.449,1.06241,976.101,0,0,0.121507,0,5.42361,0.0%,0.0%,2.2%,0.0%,97.8%
268.9,98.3851,1.0628,978.233,0,0,0.122897,0,5.55571,0.0%,0.0%,2.2%,0.0%,97.8%
268.85,96.4087,1.0632,980.274,0,0,0.124219,0,5.68204,0.0%,0.0%,2.1%,0.0%,97.9%
268.8,94.5144,1.06359,982.23,0,0,0.125478,0,5.80296,0.0%,0.0%,2.1%,0.0%,97.9%
268.75,92.6971,1.06399,984.108,0,0,0.126676,0,5.91881,0.0%,0.0%,2.1%,0.0%,97.9%
268.7,90.9522,1.06438,985.91,0,0,0.127819,0,6.0299,0.0%,0.0%,2.1%,0.0%,97.9%
268.65,89.2755,1.06478,987.643,0,0,0.128908,0,6.1365,0.0%,0.0%,2.1%,0.0%,97.9%
268.6,87.663,1.06517,989.309,0,0,0.129948,0,6.23888,0.0%,0.0%,2.0%,0.0%,98.0%
268.55,86.111,1.06557,990.913,0,0,0.130941,0,6.33728,0.0%,0.0%,2.0%,0.0%,98.0%
268.5,84.6163,1.06596,992.457,0,0,0.13189,0,6.43195,0.0%,0.0%,2.0%,0.0%,98.0%
268.45,83.1757,1.06636,993.946,0,0,0.132796,0,6.523,0.0%,0.0%,2.0%,0.0%,98.0%
268.4,81.7862,1.06675,995.383,0,0,0.133665,0,6.61079,0.0%,0.0%,2.0%,0.0%,98.0%
268.35,80.4455,1.06715,996.768,0,0,0.134495,0,6.69526,0.0%,0.0%,2.0%,0.0%,98.0%
268.3,79.1507,1.06755,998.107,0,0,0.13529,0,6.77678,0.0%,0.0%,2.0%,0.0%,98.0%
268.25,77.8995,1.06794,999.4,0,0,0.136052,0,6.85543,0.0%,0.0%,1.9%,0.0%,98.1%
268.2,76.6899,1.06834,1000.65,0,0,0.136782,0,6.93137,0.0%,0.0%,1.9%,0.0%,98.1%
268.15,75.5198,1.06874,1001.86,0,0,0.137481,0,7.00468,0.0%,0.0%,1.9%,0.0%,98.1%
268.1,74.3871,1.06913,1003.03,0,0,0.138153,0,7.07562,0.0%,0.0%,1.9%,0.0%,98.1%
268.05,73.2903,1.06953,1004.17,0,0,0.138797,0,7.14416,0.0%,0.0%,1.9%,0.0%,98.1%
268,72.2275,1.06992,1005.27,0,0,0.139416,0,7.21054,0.0%,0.0%,1.9%,0.0%,98.1%
267.95,71.1973,1.07032,1006.33,0,0,0.14001,0,7.2747,0.0%,0.0%,1.9%,0.0%,98.1%
267.9,70.1982,1.07072,1007.37,0,0,0.14058,0,7.33686,0.0%,0.0%,1.9%,0.0%,98.1%
267.85,69.2287,1.07112,1008.37,0,0,0.141128,0,7.39711,0.0%,0.0%,1.9%,0.0%,98.1%
267.8,68.2876,1.07151,1009.34,0,0,0.141655,0,7.4555,0.0%,0.0%,1.9%,0.0%,98.1%
267.75,67.3737,1.07191,1010.29,0,0,0.142161,0,7.51209,0.0%,0.0%,1.9%,0.0%,98.1%
267.7,66.4857,1.07231,1011.21,0,0,0.142648,0,7.56702,0.0%,0.0%,1.9%,0.0%,98.1%
267.65,65.6226,1.07271,1012.1,0,0,0.143117,0,7.62035,0.0%,0.0%,1.8%,0.0%,98.2%
267.6,64.7833,1.07311,1012.97,0,0,0.143567,0,7.67207,0.0%,0.0%,1.8%,0.0%,98.2%
267.55,63.9669,1.0735,1013.81,0,0,0.144001,0,7.72236,0.0%,0.0%,1.8%,0.0%,98.2%
267.5,63.1724,1.0739,1014.64,0,0,0.144418,0,7.77121,0.0%,0.0%,1.8%,0.0%,98.2%
267.45,62.3991,1.0743,1015.44,0,0,0.14482,0,7.81867,0.0%,0.0%,1.8%,0.0%,98.2%
267.4,61.6459,1.07469,1016.22,0,0,0.145207,0,7.86482,0.0%,0.0%,1.8%,0.0%,98.2%
267.35,60.9122,1.07509,1016.98,0,0,0.145579,0,7.90973,0.0%,0.0%,1.8%,0.0%,98.2%
267.3,60.1972,1.07549,1017.72,0,0,0.145938,0,7.95339,0.0%,0.0%,1.8%,0.0%,98.2%
267.25,59.5003,1.07589,1018.44,0,0,0.146283,0,7.99592,0.0%,0.0%,1.8%,0.0%,98.2%
267.2,58.8206,1.07628,1019.14,0,0,0.146616,0,8.03729,0.0%,0.0%,1.8%,0.0%,98.2%
267.15,58.1576,1.07668,1019.83,0,0,0.146937,0,8.0776,0.0%,0.0%,1.8%,0.0%,98.2%
267.1,57.5108,1.07708,1020.5,0,0,0.147246,0,8.1169,0.0%,0.0%,1.8%,0.0%,98.2%
267.05,56.8794,1.07747,1021.15,0,0,0.147544,0,8.15516,0.0%,0.0%,1.8%,0.0%,98.2%
267,56.2629,1.07787,1021.79,0,0,0.14783,0,8.19246,0.0%,0.0%,1.8%,0.0%,98.2%
266.95,55.6609,1.07827,1022.42,0,0,0.148107,0,8.22886,0.0%,0.0%,1.8%,0.0%,98.2%
266.9,55.0728,1.07866,1023.03,0,0,0.148373,0,8.26432,0.0%,0.0%,1.8%,0.0%,98.2%
266.85,54.4982,1.07906,1023.62,0,0,0.14863,0,8.29893,0.0%,0.0%,1.8%,0.0%,98.2%
266.8,53.9365,1.07946,1024.2,0,0,0.148878,0,8.3327,0.0%,0.0%,1.8%,0.0%,98.2%
266.75,53.3874,1.07986,1024.77,0,0,0.149116,0,8.36565,0.0%,0.0%,1.8%,0.0%,98.2%
266.7,52.8504,1.08025,1025.33,0,0,0.149346,0,8.39784,0.0%,0.0%,1.7%,0.0%,98.3%
266.65,52.3251,1.08065,1025.88,0,0,0.149568,0,8.42927,0.0%,0.0%,1.7%,0.0%,98.3%
266.6,51.8112,1.08104,1026.41,0,0,0.149782,0,8.45997,0.0%,0.0%,1.7%,0.0%,98.3%
266.55,51.3083,1.08144,1026.93,0,0,0.149987,0,8.48996,0.0%,0.0%,1.7%,0.0%,98.3%
266.5,50.816,1.08184,1027.44,0,0,0.150186,0,8.51927,0.0%,0.0%,1.7%,0.0%,98.3%
266.45,50.3341,1.08223,1027.94,0,0,0.150377,0,8.54792,0.0%,0.0%,1.7%,0.0%,98.3%
266.4,49.8621,1.08263,1028.43,0,0,0.150561,0,8.57593,0.0%,0.0%,1.7%,0.0%,98.3%
266.35,49.3998,1.08302,1028.91,0,0,0.150739,0,8.60332,0.0%,0.0%,1.7%,0.0%,98.3%
266.3,48.9468,1.08342,1029.38,0,0,0.150909,0,8.63011,0.0%,0.0%,1.7%,0.0%,98.3%
266.25,48.503,1.08381,1029.84,0,0,0.151074,0,8.65631,0.0%,0.0%,1.7%,0.0%,98.3%
266.2,48.068,1.08421,1030.29,0,0,0.151233,0,8.68195,0.0%,0.0%,1.7%,0.0%,98.3%
266.15,47.6416,1.08461,1030.73,0,0,0.151385,0,8.70705,0.0%,0.0%,1.7%,0.0%,98.3%
266.1,47.2234,1.085,1031.17,0,0,0.151532,0,8.73162,0.0%,0.0%,1.7%,0.0%,98.3%
266.05,46.8134,1.08539,1031.59,0,0,0.151674,0,8.75567,0.0%,0.0%,1.7%,0.0%,98.3%
266,46.4111,1.08579,1032.01,0,0,0.15181,0,8.77922,0.0%,0.0%,1.7%,0.0%,98.3%
265.95,46.0165,1.08618,1032.42,0,0,0.151941,0,8.80228,0.0%,0.0%,1.7%,0.0%,98.3%
265.9,45.6293,1.08658,1032.82,0,0,0.152066,0,8.82488,0.0%,0.0%,1.7%,0.0%,98.3%
265.85,45.2493,1.08697,1033.22,0,0,0.152188,0,8.84701,0.0%,0.0%,1.7%,0.0%,98.3%
265.8,44.8763,1.08737,1033.61,0,0,0.152304,0,8.86869,0.0%,0.0%,1.7%,0.0%,98.3%
265.75,44.5101,1.08776,1033.99,0,0,0.152416,0,8.88997,0.0%,0.0%,1.7%,0.0%,98.3%
265.7,44.1505,1.08815,1034.36,0,0,0.152523,0,8.91081,0.0%,0.0%,1.7%,0.0%,98.3%
265.65,43.7974,1.08855,1034.73,0,0,0.152626,0,8.93124,0.0%,0.0%,1.7%,0.0%,98.3%
265.6,43.4505,1.08894,1035.09,0,0,0.152725,0,8.95128,0.0%,0.0%,1.7%,0.0%,98.3%
265.55,43.1097,1.08933,1035.44,0,0,0.15282,0,8.97092,0.0%,0.0%,1.7%,0.0%,98.3%
265.5,42.7749,1.08973,1035.79,0,0,0.152911,0,8.99018,0.0%,0.0%,1.7%,0.0%,98.3%
265.45,42.4459,1.09012,1036.13,0,0,0.152999,0,9.0091,0.0%,0.0%,1.7%,0.0%,98.3%
265.4,42.1225,1.09051,1036.47,0,0,0.153082,0,9.02766,0.0%,0.0%,1.7%,0.0%,98.3%
265.35,41.8046,1.0909,1036.8,0,0,0.153163,0,9.04586,0.0%,0.0%,1.7%,0.0%,98.3%
265.3,41.4921,1.0913,1037.12,0,0,0.153239,0,9.06372,0.0%,0.0%,1.7%,0.0%,98.3%
265.25,41.1848,1.09169,1037.44,0,0,0.153313,0,9.08126,0.0%,0.0%,1.7%,0.0%,98.3%
265.2,40.8825,1.09208,1037.76,0,0,0.153383,0,9.09847,0.0%,0.0%,1.7%,0.0%,98.3%
265.15,40.5853,1.09247,1038.06,0,0,0.153449,0,9.11538,0.0%,0.0%,1.7%,0.0%,98.3%
265.1,40.2928,1.09286,1038.37,0,0,0.153513,0,9.13197,0.0%,0.0%,1.7%,0.0%,98.3%
265.05,40.0051,1.09325,1038.67,0,0,0.153574,0,9.14827,0.0%,0.0%,1.7%,0.0%,98.3%
265,39.7221,1.09364,1038.96,0,0,0.153632,0,9.16429,0.0%,0.0%,1.6%,0.0%,98.4%
264.95,39.4436,1.09403,1039.25,0,0,0.153687,0,9.18005,0.0%,0.0%,1.6%,0.0%,98.4%
264.9,39.1693,1.09443,1039.54,0,0,0.15374,0,9.19546,0.0%,0.0%,1.6%,0.0%,98.4%
264.85,38.8995,1.09481,1039.82,0,0,0.153789,0,9.21066,0.0%,0.0%,1.6%,0.0%,98.4%
264.8,38.6338,1.0952,1040.09,0,0,0.153837,0,9.22558,0.0%,0.0%,1.6%,0.0%,98.4%
264.75,38.3722,1.09559,1040.37,0,0,0.153881,0,9.24024,0.0%,0.0%,1.6%,0.0%,98.4%
264.7,38.1146,1.09598,1040.63,0,0,0.153923,0,9.25465,0.0%,0.0%,1.6%,0.0%,98.4%
264.65,37.8609,1.09637,1040.9,0,0,0.153963,0,9.26883,0.0%,0.0%,1.6%,0.0%,98.4%
264.6,37.611,1.09676,1041.16,0,0,0.154001,0,9.28276,0.0%,0.0%,1.6%,0.0%,98.4%
264.55,37.3649,1.09715,1041.42,0,0,0.154036,0,9.29647,0.0%,0.0%,1.6%,0.0%,98.4%
264.5,37.1225,1.09754,1041.67,0,0,0.154069,0,9.30995,0.0%,0.0%,1.6%,0.0%,98.4%
264.45,36.8837,1.09792,1041.92,0,0,0.1541,0,9.32322,0.0%,0.0%,1.6%,0.0%,98.4%
264.4,36.6482,1.09831,1042.16,0,0,0.154129,0,9.33623,0.0%,0.0%,1.6%,0.0%,98.4%
264.35,36.4162,1.0987,1042.4,0,0,0.154156,0,9.34905,0.0%,0.0%,1.6%,0.0%,98.4%
264.3,36.1875,1.09909,1042.64,0,0,0.154181,0,9.36167,0.0%,0.0%,1.6%,0.0%,98.4%
264.25,35.9622,1.09947,1042.88,0,0,0.154204,0,9.37408,0.0%,0.0%,1.6%,0.0%,98.4%
264.2,35.74,1.09986,1043.11,0,0,0.154225,0,9.3863,0.0%,0.0%,1.6%,0.0%,98.4%
264.15,35.521,1.10025,1043.34,0,0,0.154244,0,9.39832,0.0%,0.0%,1.6%,0.0%,98.4%
264.1,35.305,1.10063,1043.56,0,0,0.154262,0,9.41016,0.0%,0.0%,1.6%,0.0%,98.4%
264.05,35.092,1.10102,1043.78,0,0,0.154278,0,9.42178,0.0%,0.0%,1.6%,0.0%,98.4%
264,34.882,1.10141,1044,0,0,0.154292,0,9.43325,0.0%,0.0%,1.6%,0.0%,98.4%
263.95,34.6749,1.10179,1044.22,0,0,0.154305,0,9.44454,0.0%,0.0%,1.6%,0.0%,98.4%
263.9,34.4705,1.10218,1044.43,0,0,0.154316,0,9.45565,0.0%,0.0%,1.6%,0.0%,98.4%
263.85,34.269,1.10256,1044.64,0,0,0.154325,0,9.46659,0.0%,0.0%,1.6%,0.0%,98.4%
263.8,34.0701,1.10295,1044.85,0,0,0.154333,0,9.47737,0.0%,0.0%,1.6%,0.0%,98.4%
263.75,33.8739,1.10333,1045.05,0,0,0.15434,0,9.48798,0.0%,0.0%,1.6%,0.0%,98.4%
263.7,33.6803,1.10371,1045.25,0,0,0.154345,0,9.49843,0.0%,0.0%,1.6%,0.0%,98.4%
263.65,33.4893,1.1041,1045.45,0,0,0.154349,0,9.50872,0.0%,0.0%,1.6%,0.0%,98.4%
263.6,33.3008,1.10448,1045.65,0,0,0.154351,0,9.51887,0.0%,0.0%,1.6%,0.0%,98.4%
263.55,33.1147,1.10487,1045.84,0,0,0.154352,0,9.52886,0.0%,0.0%,1.6%,0.0%,98.4%
263.5,32.931,1.10525,1046.04,0,0,0.154352,0,9.5387,0.0%,0.0%,1.6%,0.0%,98.4%
263.45,32.7496,1.10563,1046.22,0,0,0.15435,0,9.54841,0.0%,0.0%,1.6%,0.0%,98.4%
263.4,32.5706,1.10601,1046.41,0,0,0.154348,0,9.55795,0.0%,0.0%,1.6%,0.0%,98.4%
263.35,32.3939,1.10639,1046.6,0,0,0.154344,0,9.56739,0.0%,0.0%,1.6%,0.0%,98.4%
263.3,32.2193,1.10678,1046.78,0,0,0.154339,0,9.57667,0.0%,0.0%,1.6%,0.0%,98.4%
263.25,32.047,1.10716,1046.96,0,0,0.154333,0,9.58582,0.0%,0.0%,1.6%,0.0%,98.4%
263.2,31.8768,1.10754,1047.14,0,0,0.154326,0,9.59485,0.0%,0.0%,1.6%,0.0%,98.4%
263.15,31.7087,1.10792,1047.31,0,0,0.154317,0,9.60374,0.0%,0.0%,1.6%,0.0%,98.4%
263.1,31.5427,1.1083,1047.48,0,0,0.154308,0,9.61251,0.0%,0.0%,1.6%,0.0%,98.4%
263.05,31.3787,1.10868,1047.66,0,0,0.154298,0,9.62115,0.0%,0.0%,1.6%,0.0%,98.4%
263,31.2308,1.10916,1047.81,0,0,0.15323,0,9.62449,0.0%,0.0%,1.6%,0.0%,98.4%
262.95,31.0705,1.10954,1047.98,0,0,0.153218,0,9.63297,0.0%,0.0%,1.6%,0.0%,98.4%
262.9,30.9122,1.10992,1048.15,0,0,0.153205,0,9.64133,0.0%,0.0%,1.6%,0.0%,98.4%
262.85,30.7558,1.1103,1048.31,0,0,0.153191,0,9.64957,0.0%,0.0%,1.6%,0.0%,98.4%
262.8,30.6012,1.11068,1048.47,0,0,0.153176,0,9.65771,0.0%,0.0%,1.6%,0.0%,98.4%
262.75,30.4484,1.11106,1048.63,0,0,0.15316,0,9.66573,0.0%,0.0%,1.6%,0.0%,98.4%
262.7,30.2975,1.11144,1048.79,0,0,0.153143,0,9.67364,0.0%,0.0%,1.6%,0.0%,98.4%
262.65,30.1483,1.11181,1048.94,0,0,0.153126,0,9.68145,0.0%,0.0%,1.6%,0.0%,98.4%
262.6,30.0008,1.11219,1049.1,0,0,0.153107,0,9.68915,0.0%,0.0%,1.6%,0.0%,98.4%
262.55,29.855,1.11257,1049.25,0,0,0.153088,0,9.69675,0.0%,0.0%,1.6%,0.0%,98.4%
262.5,29.7108,1.11294,1049.4,0,0,0.153068,0,9.70425,0.0%,0.0%,1.6%,0.0%,98.4%
262.45,29.5684,1.11332,1049.55,0,0,0.153047,0,9.71165,0.0%,0.0%,1.6%,0.0%,98.4%
262.4,29.4275,1.1137,1049.7,0,0,0.153026,0,9.71895,0.0%,0.0%,1.6%,0.0%,98.4%
262.35,29.2882,1.11407,1049.84,0,0,0.153004,0,9.72616,0.0%,0.0%,1.5%,0.0%,98.5%
262.3,29.1504,1.11445,1049.99,0,0,0.152981,0,9.73327,0.0%,0.0%,1.5%,0.0%,98.5%
262.25,29.0143,1.11482,1050.13,0,0,0.152957,0,9.74029,0.0%,0.0%,1.5%,0.0%,98.5%
262.2,28.8796,1.1152,1050.27,0,0,0.152933,0,9.74723,0.0%,0.0%,1.5%,0.0%,98.5%
262.15,28.7463,1.11557,1050.41,0,0,0.152908,0,9.75407,0.0%,0.0%,1.5%,0.0%,98.5%
262.1,28.6146,1.11595,1050.55,0,0,0.152882,0,9.76082,0.0%,0.0%,1.5%,0.0%,98.5%
262.05,28.4842,1.11632,1050.68,0,0,0.152856,0,9.76749,0.0%,0.0%,1.5%,0.0%,98.5%
262,28.3553,1.11669,1050.82,0,0,0.152829,0,9.77408,0.0%,0.0%,1.5%,0.0%,98.5%
261.95,28.2278,1.11707,1050.95,0,0,0.152802,0,9.78058,0.0%,0.0%,1.5%,0.0%,98.5%
261.9,28.1016,1.11744,1051.08,0,0,0.152774,0,9.787,0.0%,0.0%,1.5%,0.0%,98.5%
261.85,27.9768,1.11781,1051.21,0,0,0.152746,0,9.79334,0.0%,0.0%,1.5%,0.0%,98.5%
261.8,27.8533,1.11819,1051.34,0,0,0.152716,0,9.7996,0.0%,0.0%,1.5%,0.0%,98.5%
261.75,27.7311,1.11856,1051.47,0,0,0.152687,0,9.80579,0.0%,0.0%,1.5%,0.0%,98.5%
261.7,27.6102,1.11893,1051.6,0,0,0.152657,0,9.8119,0.0%,0.0%,1.5%,0.0%,98.5%
261.65,27.4905,1.1193,1051.72,0,0,0.152626,0,9.81792,0.0%,0.0%,1.5%,0.0%,98.5%
261.6,27.3721,1.11967,1051.85,0,0,0.152595,0,9.82389,0.0%,0.0%,1.5%,0.0%,98.5%
261.55,27.2549,1.12004,1051.97,0,0,0.152563,0,9.82978,0.0%,0.0%,1.5%,0.0%,98.5%
261.5,27.1389,1.12041,1052.09,0,0,0.152531,0,9.83559,0.0%,0.0%,1.5%,0.0%,98.5%
261.45,27.0241,1.12078,1052.21,0,0,0.152498,0,9.84134,0.0%,0.0%,1.5%,0.0%,98.5%
261.4,26.9104,1.12115,1052.33,0,0,0.152465,0,9.84702,0.0%,0.0%,1.5%,0.0%,98.5%
261.35,26.7979,1.12152,1052.45,0,0,0.152432,0,9.85263,0.0%,0.0%,1.5%,0.0%,98.5%
261.3,26.6866,1.12189,1052.56,0,0,0.152397,0,9.85818,0.0%,0.0%,1.5%,0.0%,98.5%
261.25,26.5763,1.12226,1052.68,0,0,0.152364,0,9.86365,0.0%,0.0%,1.5%,0.0%,98.5%
261.2,26.4671,1.12263,1052.79,0,0,0.152329,0,9.86906,0.0%,0.0%,1.5%,0.0%,98.5%
261.15,26.359,1.123,1052.91,0,0,0.152294,0,9.87441,0.0%,0.0%,1.5%,0.0%,98.5%
261.1,26.252,1.12337,1053.02,0,0,0.152258,0,9.87969,0.0%,0.0%,1.5%,0.0%,98.5%
261.05,26.146,1.12373,1053.13,0,0,0.152222,0,9.88492,0.0%,0.0%,1.5%,0.0%,98.5%
261,26.0411,1.1241,1053.24,0,0,0.152186,0,9.89008,0.0%,0.0%,1.5%,0.0%,98.5%
260.95,25.9372,1.12447,1053.35,0,0,0.152149,0,9.89519,0.0%,0.0%,1.5%,0.0%,98.5%
260.9,25.8343,1.12483,1053.46,0,0,0.152112,0,9.90023,0.0%,0.0%,1.5%,0.0%,98.5%
260.85,25.7323,1.1252,1053.56,0,0,0.152075,0,9.90522,0.0%,0.0%,1.5%,0.0%,98.5%
260.8,25.6314,1.12557,1053.67,0,0,0.152037,0,9.91015,0.0%,0.0%,1.5%,0.0%,98.5%
260.75,25.5314,1.12593,1053.77,0,0,0.151999,0,9.91503,0.0%,0.0%,1.5%,0.0%,98.5%
260.7,25.4323,1.1263,1053.88,0,0,0.151961,0,9.91984,0.0%,0.0%,1.5%,0.0%,98.5%
260.65,25.3342,1.12666,1053.98,0,0,0.151922,0,9.92461,0.0%,0.0%,1.5%,0.0%,98.5%
260.6,25.2371,1.12703,1054.08,0,0,0.151883,0,9.92932,0.0%,0.0%,1.5%,0.0%,98.5%
260.55,25.1408,1.12739,1054.18,0,0,0.151844,0,9.93398,0.0%,0.0%,1.5%,0.0%,98.5%
260.5,25.0454,1.12776,1054.28,0,0,0.151805,0,9.93859,0.0%,0.0%,1.5%,0.0%,98.5%
260.45,24.9509,1.12812,1054.38,0,0,0.151765,0,9.94314,0.0%,0.0%,1.5%,0.0%,98.5%
260.4,24.8573,1.12848,1054.48,0,0,0.151725,0,9.94765,0.0%,0.0%,1.5%,0.0%,98.5%
260.35,24.7644,1.12885,1054.58,0,0,0.151685,0,9.9521,0.0%,0.0%,1.5%,0.0%,98.5%
260.3,24.6726,1.12921,1054.67,0,0,0.151644,0,9.95651,0.0%,0.0%,1.5%,0.0%,98.5%
260.25,24.5814,1.12958,1054.77,0,0,0.151603,0,9.96086,0.0%,0.0%,1.5%,0.0%,98.5%
260.2,24.4911,1.12994,1054.86,0,0,0.151562,0,9.96517,0.0%,0.0%,1.5%,0.0%,98.5%
260.15,24.4017,1.1303,1054.96,0,0,0.151521,0,9.96944,0.0%,0.0%,1.5%,0.0%,98.5%
260.1,24.3131,1.13066,1055.05,0,0,0.151479,0,9.97366,0.0%,0.0%,1.5%,0.0%,98.5%
260.05,24.2252,1.13102,1055.14,0,0,0.151437,0,9.97783,0.0%,0.0%,1.5%,0.0%,98.5%
260,24.1381,1.13139,1055.23,0,0,0.151395,0,9.98195,0.0%,0.0%,1.5%,0.0%,98.5%
259.95,24.0518,1.13174,1055.32,0,0,0.151353,0,9.98604,0.0%,0.0%,1.5%,0.0%,98.5%
259.9,23.9662,1.13211,1055.41,0,0,0.151311,0,9.99007,0.0%,0.0%,1.5%,0.0%,98.5%
259.85,23.8815,1.13246,1055.5,0,0,0.151268,0,9.99408,0.0%,0.0%,1.5%,0.0%,98.5%
259.8,23.7974,1.13283,1055.59,0,0,0.151225,0,9.99803,0.0%,0.0%,1.5%,0.0%,98.5%
259.75,23.714,1.13319,1055.68,0,0,0.151182,0,10.0019,0.0%,0.0%,1.5%,0.0%,98.5%
259.7,23.6314,1.13354,1055.76,0,0,0.151139,0,10.0058,0.0%,0.0%,1.5%,0.0%,98.5%
259.65,23.5495,1.1339,1055.85,0,0,0.151095,0,10.0096,0.0%,0.0%,1.5%,0.0%,98.5%
259.6,23.4684,1.13426,1055.93,0,0,0.151051,0,10.0134,0.0%,0.0%,1.5%,0.0%,98.5%
259.55,23.3878,1.13462,1056.02,0,0,0.151008,0,10.0172,0.0%,0.0%,1.5%,0.0%,98.5%
259.5,23.308,1.13498,1056.1,0,0,0.150964,0,10.0209,0.0%,0.0%,1.5%,0.0%,98.5%
259.45,23.2288,1.13534,1056.19,0,0,0.15092,0,10.0246,0.0%,0.0%,1.5%,0.0%,98.5%
259.4,23.1504,1.13569,1056.27,0,0,0.150875,0,10.0282,0.0%,0.0%,1.5%,0.0%,98.5%
259.35,23.0726,1.13605,1056.35,0,0,0.150831,0,10.0318,0.0%,0.0%,1.5%,0.0%,98.5%
259.3,22.9954,1.13641,1056.43,0,0,0.150786,0,10.0354,0.0%,0.0%,1.5%,0.0%,98.5%
259.25,22.9188,1.13677,1056.51,0,0,0.150742,0,10.0389,0.0%,0.0%,1.5%,0.0%,98.5%
259.2,22.8429,1.13712,1056.59,0,0,0.150697,0,10.0424,0.0%,0.0%,1.5%,0.0%,98.5%
259.15,22.7676,1.13748,1056.67,0,0,0.150652,0,10.0458,0.0%,0.0%,1.5%,0.0%,98.5%
259.1,22.693,1.13783,1056.75,0,0,0.150606,0,10.0493,0.0%,0.0%,1.5%,0.0%,98.5%
259.05,22.619,1.13819,1056.83,0,0,0.150561,0,10.0526,0.0%,0.0%,1.5%,0.0%,98.5%
259,22.5455,1.13854,1056.9,0,0,0.150516,0,10.056,0.0%,0.0%,1.5%,0.0%,98.5%
258.95,22.4727,1.1389,1056.98,0,0,0.15047,0,10.0593,0.0%,0.0%,1.5%,0.0%,98.5%
258.9,22.4006,1.13924,1057.06,0,0,0.150423,0,10.0626,0.0%,0.0%,1.5%,0.0%,98.5%
258.85,22.329,1.13959,1057.13,0,0,0.150377,0,10.0659,0.0%,0.0%,1.5%,0.0%,98.5%
258.8,22.2577,1.13996,1057.2,0,0,0.150333,0,10.0691,0.0%,0.0%,1.5%,0.0%,98.5%
258.75,22.1871,1.14031,1057.28,0,0,0.150287,0,10.0722,0.0%,0.0%,1.5%,0.0%,98.5%
258.7,22.1171,1.14067,1057.35,0,0,0.150241,0,10.0754,0.0%,0.0%,1.5%,0.0%,98.5%
258.65,22.0477,1.14102,1057.43,0,0,0.150194,0,10.0785,0.0%,0.0%,1.5%,0.0%,98.5%
258.6,21.9789,1.14137,1057.5,0,0,0.150148,0,10.0816,0.0%,0.0%,1.5%,0.0%,98.5%
258.55,21.9105,1.14173,1057.57,0,0,0.150102,0,10.0847,0.0%,0.0%,1.5%,0.0%,98.5%
258.5,21.8428,1.14208,1057.64,0,0,0.150055,0,10.0877,0.0%,0.0%,1.5%,0.0%,98.5%
258.45,21.7755,1.14243,1057.71,0,0,0.150008,0,10.0907,0.0%,0.0%,1.5%,0.0%,98.5%
258.4,21.7087,1.14278,1057.78,0,0,0.149961,0,10.0937,0.0%,0.0%,1.5%,0.0%,98.5%
258.35,21.6425,1.14313,1057.85,0,0,0.149915,0,10.0967,0.0%,0.0%,1.5%,0.0%,98.5%
258.3,21.5768,1.14348,1057.92,0,0,0.149868,0,10.0996,0.0%,0.0%,1.5%,0.0%,98.5%
258.25,21.5116,1.14383,1057.99,0,0,0.149821,0,10.1025,0.0%,0.0%,1.5%,0.0%,98.5%
258.2,21.4469,1.14418,1058.06,0,0,0.149773,0,10.1053,0.0%,0.0%,1.5%,0.0%,98.5%
258.15,21.3827,1.14453,1058.12,0,0,0.149726,0,10.1082,0.0%,0.0%,1.5%,0.0%,98.5%
258.1,21.3189,1.14489,1058.19,0,0,0.149679,0,10.111,0.0%,0.0%,1.5%,0.0%,98.5%
258.05,21.2557,1.14523,1058.26,0,0,0.149632,0,10.1138,0.0%,0.0%,1.5%,0.0%,98.5%
258,21.1929,1.14558,1058.32,0,0,0.149584,0,10.1165,0.0%,0.0%,1.5%,0.0%,98.5%
257.95,21.1306,1.14593,1058.39,0,0,0.149537,0,10.1193,0.0%,0.0%,1.5%,0.0%,98.5%
257.9,21.0688,1.14628,1058.45,0,0,0.149489,0,10.122,0.0%,0.0%,1.5%,0.0%,98.5%
257.85,21.0073,1.14663,1058.52,0,0,0.149442,0,10.1246,0.0%,0.0%,1.5%,0.0%,98.5%
257.8,20.9465,1.14698,1058.58,0,0,0.149393,0,10.1273,0.0%,0.0%,1.5%,0.0%,98.5%
257.75,20.886,1.14732,1058.65,0,0,0.149346,0,10.1299,0.0%,0.0%,1.5%,0.0%,98.5%
257.7,20.8259,1.14767,1058.71,0,0,0.149298,0,10.1325,0.0%,0.0%,1.5%,0.0%,98.5%
257.65,20.7663,1.14802,1058.77,0,0,0.14925,0,10.1351,0.0%,0.0%,1.5%,0.0%,98.5%
257.6,20.7072,1.14837,1058.83,0,0,0.149202,0,10.1377,0.0%,0.0%,1.5%,0.0%,98.5%
257.55,20.6485,1.14871,1058.9,0,0,0.149154,0,10.1402,0.0%,0.0%,1.4%,0.0%,98.6%
257.5,20.5902,1.14906,1058.96,0,0,0.149106,0,10.1427,0.0%,0.0%,1.4%,0.0%,98.6%
257.45,20.5323,1.14941,1059.02,0,0,0.149057,0,10.1452,0.0%,0.0%,1.4%,0.0%,98.6%
257.4,20.4748,1.14975,1059.08,0,0,0.149009,0,10.1477,0.0%,0.0%,1.4%,0.0%,98.6%
257.35,20.4178,1.1501,1059.14,0,0,0.148961,0,10.1501,0.0%,0.0%,1.4%,0.0%,98.6%
257.3,20.3611,1.15044,1059.2,0,0,0.148912,0,10.1526,0.0%,0.0%,1.4%,0.0%,98.6%
257.25,20.3049,1.15079,1059.26,0,0,0.148864,0,10.155,0.0%,0.0%,1.4%,0.0%,98.6%
257.2,20.2491,1.15113,1059.32,0,0,0.148816,0,10.1573,0.0%,0.0%,1.4%,0.0%,98.6%
257.15,20.1936,1.15148,1059.37,0,0,0.148767,0,10.1597,0.0%,0.0%,1.4%,0.0%,98.6%
257.1,20.1386,1.15182,1059.43,0,0,0.148719,0,10.162,0.0%,0.0%,1.4%,0.0%,98.6%
257.05,20.0839,1.15216,1059.49,0,0,0.14867,0,10.1643,0.0%,0.0%,1.4%,0.0%,98.6%
257,20.0296,1.15251,1059.55,0,0,0.148621,0,10.1666,0.0%,0.0%,1.4%,0.0%,98.6%
256.95,19.9757,1.15285,1059.6,0,0,0.148573,0,10.1689,0.0%,0.0%,1.4%,0.0%,98.6%
256.9,19.9222,1.1532,1059.66,0,0,0.148524,0,10.1712,0.0%,0.0%,1.4%,0.0%,98.6%
256.85,19.869,1.15354,1059.71,0,0,0.148475,0,10.1734,0.0%,0.0%,1.4%,0.0%,98.6%
256.8,19.8162,1.15388,1059.77,0,0,0.148426,0,10.1756,0.0%,0.0%,1.4%,0.0%,98.6%
256.75,19.7638,1.15422,1059.83,0,0,0.148377,0,10.1778,0.0%,0.0%,1.4%,0.0%,98.6%
256.7,19.7117,1.15456,1059.88,0,0,0.148328,0,10.18,0.0%,0.0%,1.4%,0.0%,98.6%
256.65,19.66,1.15491,1059.93,0,0,0.14828,0,10.1822,0.0%,0.0%,1.4%,0.0%,98.6%
256.6,19.6086,1.15525,1059.99,0,0,0.14823,0,10.1843,0.0%,0.0%,1.4%,0.0%,98.6%
256.55,19.5576,1.15559,1060.04,0,0,0.148181,0,10.1864,0.0%,0.0%,1.4%,0.0%,98.6%
256.5,19.5069,1.15593,1060.1,0,0,0.148132,0,10.1885,0.0%,0.0%,1.4%,0.0%,98.6%
256.45,19.4566,1.15627,1060.15,0,0,0.148083,0,10.1906,0.0%,0.0%,1.4%,0.0%,98.6%
256.4,19.4066,1.15661,1060.2,0,0,0.148034,0,10.1927,0.0%,0.0%,1.4%,0.0%,98.6%
256.35,19.3569,1.15695,1060.25,0,0,0.147985,0,10.1947,0.0%,0.0%,1.4%,0.0%,98.6%
256.3,19.3076,1.15729,1060.31,0,0,0.147936,0,10.1968,0.0%,0.0%,1.4%,0.0%,98.6%
256.25,19.2585,1.15763,1060.36,0,0,0.147887,0,10.1988,0.0%,0.0%,1.4%,0.0%,98.6%
256.2,19.2098,1.15798,1060.41,0,0,0.147838,0,10.2008,0.0%,0.0%,1.4%,0.0%,98.6%
256.15,19.1617,1.1583,1060.46,0,0,0.147786,0,10.2028,0.0%,0.0%,1.4%,0.0%,98.6%
256.1,19.1134,1.15865,1060.51,0,0,0.147739,0,10.2047,0.0%,0.0%,1.4%,0.0%,98.6%
256.05,19.0657,1.15899,1060.56,0,0,0.147689,0,10.2067,0.0%,0.0%,1.4%,0.0%,98.6%
256,19.0183,1.15933,1060.61,0,0,0.14764,0,10.2086,0.0%,0.0%,1.4%,0.0%,98.6%
255.95,18.9712,1.15967,1060.66,0,0,0.14759,0,10.2105,0.0%,0.0%,1.4%,0.0%,98.6%
255.9,18.9246,1.15999,1060.71,0,0,0.147539,0,10.2124,0.0%,0.0%,1.4%,0.0%,98.6%
255.85,18.8779,1.16034,1060.76,0,0,0.147491,0,10.2143,0.0%,0.0%,1.4%,0.0%,98.6%
255.8,18.8316,1.16068,1060.81,0,0,0.147442,0,10.2162,0.0%,0.0%,1.4%,0.0%,98.6%
255.75,18.7858,1.16102,1060.85,0,0,0.147392,0,10.218,0.0%,0.0%,1.4%,0.0%,98.6%
255.7,18.7401,1.16136,1060.9,0,0,0.147343,0,10.2199,0.0%,0.0%,1.4%,0.0%,98.6%
255.65,18.6948,1.1617,1060.95,0,0,0.147293,0,10.2217,0.0%,0.0%,1.4%,0.0%,98.6%
255.6,18.6498,1.16203,1061,0,0,0.147243,0,10.2235,0.0%,0.0%,1.4%,0.0%,98.6%
255.55,18.605,1.16237,1061.04,0,0,0.147194,0,10.2253,0.0%,0.0%,1.4%,0.0%,98.6%
255.5,18.5606,1.1627,1061.09,0,0,0.147144,0,10.2271,0.0%,0.0%,1.4%,0.0%,98.6%
255.45,18.5164,1.16304,1061.14,0,0,0.147094,0,10.2288,0.0%,0.0%,1.4%,0.0%,98.6%
255.4,18.4725,1.16338,1061.18,0,0,0.147044,0,10.2306,0.0%,0.0%,1.4%,0.0%,98.6%
255.35,18.4288,1.16371,1061.23,0,0,0.146995,0,10.2323,0.0%,0.0%,1.4%,0.0%,98.6%
255.3,18.3854,1.16405,1061.28,0,0,0.146945,0,10.234,0.0%,0.0%,1.4%,0.0%,98.6%
255.25,18.3427,1.16436,1061.32,0,0,0.146891,0,10.2358,0.0%,0.0%,1.4%,0.0%,98.6%
255.2,18.2995,1.16472,1061.37,0,0,0.146845,0,10.2374,0.0%,0.0%,1.4%,0.0%,98.6%
255.15,18.2573,1.16503,1061.41,0,0,0.146792,0,10.2391,0.0%,0.0%,1.4%,0.0%,98.6%
255.1,18.215,1.16536,1061.45,0,0,0.146742,0,10.2408,0.0%,0.0%,1.4%,0.0%,98.6%
255.05,18.1726,1.16572,1061.5,0,0,0.146695,0,10.2424,0.0%,0.0%,1.4%,0.0%,98.6%
255,18.131,1.16604,1061.54,0,0,0.146644,0,10.2441,0.0%,0.0%,1.4%,0.0%,98.6%
254.95,18.0893,1.16639,1061.59,0,0,0.146595,0,10.2457,0.0%,0.0%,1.4%,0.0%,98.6%
254.9,18.0479,1.16673,1061.63,0,-6.66E-14,0.146545,0,10.2473,0.0%,0.0%,1.4%,0.0%,98.6%
254.85,18.007,1.16706,1061.67,0,0,0.146495,0,10.2489,0.0%,0.0%,1.4%,0.0%,98.6%
254.8,17.9663,1.16738,1061.72,0,0,0.146444,0,10.2505,0.0%,0.0%,1.4%,0.0%,98.6%
254.75,17.9256,1.16772,1061.76,0,0,0.146394,0,10.2521,0.0%,0.0%,1.4%,0.0%,98.6%
254.7,17.8854,1.16805,1061.8,0,0,0.146344,0,10.2537,0.0%,0.0%,1.4%,0.0%,98.6%
254.65,17.8453,1.16839,1061.84,0,0,0.146294,0,10.2552,0.0%,0.0%,1.4%,0.0%,98.6%
254.6,17.8055,1.16872,1061.89,0,0,0.146244,0,10.2568,0.0%,0.0%,1.4%,0.0%,98.6%
254.55,17.7659,1.16905,1061.93,0,0,0.146193,0,10.2583,0.0%,0.0%,1.4%,0.0%,98.6%
254.5,17.7265,1.16938,1061.97,0,0,0.146143,0,10.2598,0.0%,0.0%,1.4%,0.0%,98.6%
254.45,17.6874,1.16972,1062.01,0,0,0.146093,0,10.2613,0.0%,0.0%,1.4%,0.0%,98.6%
254.4,17.6485,1.17005,1062.05,0,0,0.146043,0,10.2628,0.0%,0.0%,1.4%,0.0%,98.6%
254.35,17.6099,1.17038,1062.09,0,0,0.145992,0,10.2643,0.0%,0.0%,1.4%,0.0%,98.6%
254.3,17.5715,1.17071,1062.13,0,0,0.145941,0,10.2658,0.0%,0.0%,1.4%,0.0%,98.6%
254.25,17.5333,1.17104,1062.17,0,0,0.145891,0,10.2672,0.0%,0.0%,1.4%,0.0%,98.6%
254.2,17.4953,1.17137,1062.21,0,0,0.14584,0,10.2687,0.0%,0.0%,1.4%,0.0%,98.6%
254.15,17.4575,1.1717,1062.25,0,0,0.14579,0,10.2701,0.0%,0.0%,1.4%,0.0%,98.6%
254.1,17.42,1.17203,1062.29,0,0,0.145739,0,10.2716,0.0%,0.0%,1.4%,0.0%,98.6%
254.05,17.3827,1.17236,1062.33,0,0,0.145689,0,10.273,0.0%,0.0%,1.4%,0.0%,98.6%
254,17.3455,1.17269,1062.37,0,0,0.145638,0,10.2744,0.0%,0.0%,1.4%,0.0%,98.6%
253.95,17.3086,1.17302,1062.41,0,0,0.145587,0,10.2758,0.0%,0.0%,1.4%,0.0%,98.6%
253.9,17.2719,1.17336,1062.45,0,0,0.145537,0,10.2772,0.0%,0.0%,1.4%,0.0%,98.6%
253.85,17.2355,1.17368,1062.48,0,0,0.145486,0,10.2785,0.0%,0.0%,1.4%,0.0%,98.6%
253.8,17.1992,1.17401,1062.52,0,0,0.145435,0,10.2799,0.0%,0.0%,1.4%,0.0%,98.6%
253.75,17.1631,1.17434,1062.56,0,0,0.145384,0,10.2813,0.0%,0.0%,1.4%,0.0%,98.6%
253.7,17.1272,1.17467,1062.6,0,0,0.145333,0,10.2826,0.0%,0.0%,1.4%,0.0%,98.6%
253.65,17.0916,1.175,1062.64,0,0,0.145283,0,10.2839,0.0%,0.0%,1.4%,0.0%,98.6%
253.6,17.0561,1.17533,1062.67,0,0,0.145232,0,10.2853,0.0%,0.0%,1.4%,0.0%,98.6%
253.55,17.0208,1.17566,1062.71,0,0,0.145181,0,10.2866,0.0%,0.0%,1.4%,0.0%,98.6%
253.5,16.9858,1.17599,1062.75,0,0,0.145129,0,10.2879,0.0%,0.0%,1.4%,0.0%,98.6%
253.45,16.9509,1.17632,1062.78,0,0,0.145079,0,10.2892,0.0%,0.0%,1.4%,0.0%,98.6%
253.4,16.9162,1.17664,1062.82,0,0,0.145027,0,10.2905,0.0%,0.0%,1.4%,0.0%,98.6%
253.35,16.8817,1.17697,1062.86,0,0,0.144976,0,10.2918,0.0%,0.0%,1.4%,0.0%,98.6%
253.3,16.8474,1.1773,1062.89,0,0,0.144925,0,10.293,0.0%,0.0%,1.4%,0.0%,98.6%
253.25,16.8133,1.17763,1062.93,0,0,0.144874,0,10.2943,0.0%,0.0%,1.4%,0.0%,98.6%
253.2,16.7794,1.17796,1062.96,0,0,0.144823,0,10.2955,0.0%,0.0%,1.4%,0.0%,98.6%
253.15,16.7456,1.17828,1063,0,0,0.144771,0,10.2968,0.0%,0.0%,1.4%,0.0%,98.6%
253.1,16.7121,1.17861,1063.03,0,0,0.14472,0,10.298,0.0%,0.0%,1.4%,0.0%,98.6%
253.05,16.6787,1.17894,1063.07,0,0,0.144669,0,10.2992,0.0%,0.0%,1.4%,0.0%,98.6%
253,16.6455,1.17927,1063.1,0,0,0.144617,0,10.3005,0.0%,0.0%,1.4%,0.0%,98.6%
252.95,16.6124,1.17959,1063.14,0,0,0.144566,0,10.3017,0.0%,0.0%,1.4%,0.0%,98.6%
252.9,16.5796,1.17992,1063.17,0,0,0.144514,0,10.3029,0.0%,0.0%,1.4%,0.0%,98.6%
252.85,16.547,1.18025,1063.21,0,0,0.144463,0,10.3041,0.0%,0.0%,1.4%,0.0%,98.6%
252.8,16.5145,1.18057,1063.24,0,0,0.144411,0,10.3052,0.0%,0.0%,1.4%,0.0%,98.6%
252.75,16.4822,1.1809,1063.28,0,0,0.144359,0,10.3064,0.0%,0.0%,1.4%,0.0%,98.6%
252.7,16.45,1.18122,1063.31,0,0,0.144307,0,10.3076,0.0%,0.0%,1.4%,0.0%,98.6%
252.65,16.418,1.18156,1063.34,0,0,0.144256,0,10.3087,0.0%,0.0%,1.4%,0.0%,98.6%
252.6,16.3863,1.18188,1063.38,0,0,0.144204,0,10.3099,0.0%,0.0%,1.4%,0.0%,98.6%
252.55,16.3546,1.1822,1063.41,0,0,0.144152,0,10.311,0.0%,0.0%,1.4%,0.0%,98.6%
252.5,16.3231,1.18253,1063.44,0,0,0.1441,0,10.3122,0.0%,0.0%,1.4%,0.0%,98.6%
252.45,16.2918,1.18285,1063.48,0,0,0.144048,0,10.3133,0.0%,0.0%,1.4%,0.0%,98.6%
252.4,16.2607,1.18318,1063.51,0,0,0.143996,0,10.3144,0.0%,0.0%,1.4%,0.0%,98.6%
252.35,16.2297,1.1835,1063.54,0,0,0.143944,0,10.3155,0.0%,0.0%,1.4%,0.0%,98.6%
252.3,16.1989,1.18383,1063.57,0,0,0.143892,0,10.3166,0.0%,0.0%,1.4%,0.0%,98.6%
252.25,16.1682,1.18416,1063.61,0,0,0.14384,0,10.3177,0.0%,0.0%,1.4%,0.0%,98.6%
252.2,16.1377,1.18448,1063.64,0,0,0.143787,0,10.3188,0.0%,0.0%,1.4%,0.0%,98.6%
252.15,16.1076,1.18479,1063.67,0,0,0.143732,0,10.3199,0.0%,0.0%,1.4%,0.0%,98.6%
252.1,16.0776,1.1851,1063.7,0,0,0.143678,0,10.321,0.0%,0.0%,1.4%,0.0%,98.6%
252.05,16.0474,1.18544,1063.73,0,0,0.143628,0,10.3221,0.0%,0.0%,1.4%,0.0%,98.6%
252,16.0173,1.18578,1063.76,0,0,0.143577,0,10.3231,0.0%,0.0%,1.4%,0.0%,98.6%
251.95,15.9876,1.18611,1063.8,0,0,0.143525,0,10.3242,0.0%,0.0%,1.4%,0.0%,98.6%
251.9,15.958,1.18643,1063.83,0,0,0.143472,0,10.3252,0.0%,0.0%,1.4%,0.0%,98.6%
251.85,15.9286,1.18675,1063.86,0,0,0.143419,0,10.3263,0.0%,0.0%,1.4%,0.0%,98.6%
251.8,15.8993,1.18708,1063.89,0,0,0.143367,0,10.3273,0.0%,0.0%,1.4%,0.0%,98.6%
251.75,15.8702,1.1874,1063.92,0,0,0.143314,0,10.3283,0.0%,0.0%,1.4%,0.0%,98.6%
251.7,15.8412,1.18773,1063.95,0,0,0.143261,0,10.3294,0.0%,0.0%,1.4%,0.0%,98.6%
251.65,15.8125,1.18803,1063.98,0,0,0.143206,0,10.3304,0.0%,0.0%,1.4%,0.0%,98.6%
251.6,15.7836,1.18838,1064.01,0,0,0.143155,0,10.3314,0.0%,0.0%,1.4%,0.0%,98.6%
251.55,15.7551,1.1887,1064.04,0,0,0.143102,0,10.3324,0.0%,0.0%,1.4%,0.0%,98.6%
251.5,15.7269,1.189,1064.07,0,0,0.143046,0,10.3334,0.0%,0.0%,1.4%,0.0%,98.6%
251.45,15.6984,1.18935,1064.1,0,0,0.142995,0,10.3344,0.0%,0.0%,1.4%,0.0%,98.6%
251.4,15.6702,1.18967,1064.13,0,0,0.142942,0,10.3353,0.0%,0.0%,1.4%,0.0%,98.6%
251.35,15.6423,1.18999,1064.16,0,0,0.142889,0,10.3363,0.0%,0.0%,1.4%,0.0%,98.6%
251.3,15.6144,1.19032,1064.19,0,0,0.142835,0,10.3373,0.0%,0.0%,1.4%,0.0%,98.6%
251.25,15.5871,1.19061,1064.22,0,0,0.142777,0,10.3383,0.0%,0.0%,1.4%,0.0%,98.6%
251.2,15.5591,1.19097,1064.24,0,0,0.142728,0,10.3392,0.0%,0.0%,1.4%,0.0%,98.6%
251.15,15.5316,1.19129,1064.27,0,0,0.142674,0,10.3402,0.0%,0.0%,1.4%,0.0%,98.6%
251.1,15.5043,1.19161,1064.3,0,0,0.14262,0,10.3411,0.0%,0.0%,1.4%,0.0%,98.6%
251.05,15.4771,1.19194,1064.33,0,0,0.142567,0,10.342,0.0%,0.0%,1.4%,0.0%,98.6%
251,15.4501,1.19226,1064.36,0,0,0.142513,0,10.343,0.0%,0.0%,1.4%,0.0%,98.6%
250.95,15.4232,1.19258,1064.39,0,0,0.142459,0,10.3439,0.0%,0.0%,1.4%,0.0%,98.6%
250.9,15.3964,1.19291,1064.42,0,0,0.142404,0,10.3448,0.0%,0.0%,1.4%,0.0%,98.6%
250.85,15.3697,1.19323,1064.44,0,0,0.14235,0,10.3458,0.0%,0.0%,1.4%,0.0%,98.6%
250.8,15.3431,1.19355,1064.47,0,0,0.142296,0,10.3467,0.0%,0.0%,1.4%,0.0%,98.6%
250.75,15.3167,1.19388,1064.5,0,0,0.142242,0,10.3476,0.0%,0.0%,1.4%,0.0%,98.6%
250.7,15.2905,1.1942,1064.53,0,0,0.142187,0,10.3485,0.0%,0.0%,1.4%,0.0%,98.6%
250.65,15.2643,1.19452,1064.55,0,0,0.142133,0,10.3494,0.0%,0.0%,1.4%,0.0%,98.6%
250.6,15.2383,1.19485,1064.58,0,0,0.142078,0,10.3503,0.0%,0.0%,1.4%,0.0%,98.6%
250.55,15.2123,1.19517,1064.61,0,0,0.142024,0,10.3511,0.0%,0.0%,1.4%,0.0%,98.6%
250.5,15.1865,1.1955,1064.63,0,0,0.141969,0,10.352,0.0%,0.0%,1.4%,0.0%,98.6%
250.45,15.1609,1.19582,1064.66,0,0,0.141914,0,10.3529,0.0%,0.0%,1.4%,0.0%,98.6%
250.4,15.1353,1.19614,1064.69,0,0,0.141859,0,10.3538,0.0%,0.0%,1.4%,0.0%,98.6%
250.35,15.1099,1.19646,1064.71,0,0,0.141803,0,10.3546,0.0%,0.0%,1.4%,0.0%,98.6%
250.3,15.0846,1.19679,1064.74,0,0,0.141748,0,10.3555,0.0%,0.0%,1.4%,0.0%,98.6%
250.25,15.0594,1.19711,1064.77,0,0,0.141693,0,10.3563,0.0%,0.0%,1.3%,0.0%,98.7%
250.2,15.0343,1.19743,1064.79,0,0,0.141638,0,10.3572,0.0%,0.0%,1.3%,0.0%,98.7%
250.15,15.0093,1.19776,1064.82,0,0,0.141582,0,10.358,0.0%,0.0%,1.3%,0.0%,98.7%
250.1,14.9844,1.19808,1064.85,0,0,0.141526,0,10.3589,0.0%,0.0%,1.3%,0.0%,98.7%
250.05,14.9597,1.1984,1064.87,0,0,0.141471,0,10.3597,0.0%,0.0%,1.3%,0.0%,98.7%
250,14.9354,1.1987,1064.9,0,0,0.141412,0,10.3606,0.0%,0.0%,1.3%,0.0%,98.7%
249.95,14.9105,1.19905,1064.92,0,0,0.141359,0,10.3614,0.0%,0.0%,1.3%,0.0%,98.7%
249.9,14.8861,1.19937,1064.95,0,0,0.141303,0,10.3622,0.0%,0.0%,1.3%,0.0%,98.7%
249.85,14.8618,1.1997,1064.97,0,0,0.141247,0,10.363,0.0%,0.0%,1.3%,0.0%,98.7%
249.8,14.8377,1.20002,1065,0,0,0.14119,0,10.3638,0.0%,0.0%,1.3%,0.0%,98.7%
249.75,14.8136,1.20034,1065.02,0,0,0.141134,0,10.3646,0.0%,0.0%,1.3%,0.0%,98.7%
249.7,14.7896,1.20067,1065.05,0,0,0.141078,0,10.3654,0.0%,0.0%,1.3%,0.0%,98.7%
249.65,14.7658,1.20099,1065.07,0,0,0.141021,0,10.3662,0.0%,0.0%,1.3%,0.0%,98.7%
249.6,14.7423,1.20129,1065.1,0,0,0.140961,0,10.367,0.0%,0.0%,1.3%,0.0%,98.7%
249.55,14.7182,1.20165,1065.12,0,0,0.140909,0,10.3678,0.0%,0.0%,1.3%,0.0%,98.7%
249.5,14.6947,1.20197,1065.15,0,0,0.140852,0,10.3686,0.0%,0.0%,1.3%,0.0%,98.7%
249.45,14.6713,1.20229,1065.17,0,0,0.140794,0,10.3694,0.0%,0.0%,1.3%,0.0%,98.7%
249.4,14.648,1.20261,1065.2,0,0,0.140736,0,10.3702,0.0%,0.0%,1.3%,0.0%,98.7%
249.35,14.6249,1.20293,1065.22,0,0,0.140678,0,10.3709,0.0%,0.0%,1.3%,0.0%,98.7%
249.3,14.6021,1.20322,1065.24,0,0,0.140616,0,10.3717,0.0%,0.0%,1.3%,0.0%,98.7%
249.25,14.5786,1.20358,1065.27,0,0,0.140564,0,10.3725,0.0%,0.0%,1.3%,0.0%,98.7%
249.2,14.5557,1.20391,1065.29,0,0,0.140506,0,10.3732,0.0%,0.0%,1.3%,0.0%,98.7%
249.15,14.5328,1.20423,1065.32,0,0,0.140449,0,10.374,0.0%,0.0%,1.3%,0.0%,98.7%
249.1,14.51,1.20456,1065.34,0,0,0.140392,0,10.3747,0.0%,0.0%,1.3%,0.0%,98.7%
249.05,14.4873,1.20489,1065.36,0,0,0.140334,0,10.3755,0.0%,0.0%,1.3%,0.0%,98.7%
249,14.4648,1.20521,1065.39,0,0,0.140275,0,10.3762,0.0%,0.0%,1.3%,0.0%,98.7%
248.95,14.4425,1.20553,1065.41,0,0,0.140216,0,10.377,0.0%,0.0%,1.3%,0.0%,98.7%
248.9,14.4201,1.20585,1065.43,0,0,0.140157,0,10.3777,0.0%,0.0%,1.3%,0.0%,98.7%
248.85,14.3979,1.20618,1065.46,0,0,0.140098,0,10.3784,0.0%,0.0%,1.3%,0.0%,98.7%
248.8,14.3757,1.2065,1065.48,0,0,0.14004,0,10.3792,0.0%,0.0%,1.3%,0.0%,98.7%
248.75,14.3537,1.20683,1065.5,0,0,0.139981,0,10.3799,0.0%,0.0%,1.3%,0.0%,98.7%
248.7,14.3317,1.20716,1065.53,0,0,0.139922,0,10.3806,0.0%,0.0%,1.3%,0.0%,98.7%
248.65,14.3098,1.20748,1065.55,0,0,0.139862,0,10.3813,0.0%,0.0%,1.3%,0.0%,98.7%
248.6,14.288,1.20781,1065.57,0,0,0.139803,0,10.3821,0.0%,0.0%,1.3%,0.0%,98.7%
248.55,14.2663,1.20814,1065.59,0,0,0.139745,0,10.3828,0.0%,0.0%,1.3%,0.0%,98.7%
248.5,14.2446,1.20847,1065.62,0,0,0.139685,0,10.3835,0.0%,0.0%,1.3%,0.0%,98.7%
248.45,14.2232,1.20878,1065.64,0,0,0.139624,0,10.3842,0.0%,0.0%,1.3%,0.0%,98.7%
248.4,14.2018,1.20911,1065.66,0,0,0.139565,0,10.3849,0.0%,0.0%,1.3%,0.0%,98.7%
248.35,14.1805,1.20944,1065.68,0,0,0.139504,0,10.3856,0.0%,0.0%,1.3%,0.0%,98.7%
248.3,14.1592,1.20976,1065.7,0,0,0.139444,0,10.3863,0.0%,0.0%,1.3%,0.0%,98.7%
248.25,14.138,1.2101,1065.73,0,0,0.139385,0,10.387,0.0%,0.0%,1.3%,0.0%,98.7%
248.2,14.117,1.21042,1065.75,0,0,0.139323,0,10.3877,0.0%,0.0%,1.3%,0.0%,98.7%
248.15,14.0959,1.21076,1065.77,0,0,0.139264,0,10.3883,0.0%,0.0%,1.3%,0.0%,98.7%
248.1,14.0751,1.21107,1065.79,0,0,0.139201,0,10.389,0.0%,0.0%,1.3%,0.0%,98.7%
248.05,14.0542,1.21141,1065.81,0,0,0.139142,0,10.3897,0.0%,0.0%,1.3%,0.0%,98.7%
248,14.0335,1.21174,1065.83,0,0,0.13908,0,10.3904,0.0%,0.0%,1.3%,0.0%,98.7%
247.95,14.0134,1.21201,1065.85,0,0,0.139011,0,10.3911,0.0%,0.0%,1.3%,0.0%,98.7%
247.9,13.9923,1.21239,1065.88,0,0,0.138956,0,10.3917,0.0%,0.0%,1.3%,0.0%,98.7%
247.85,13.9719,1.21271,1065.9,0,0,0.138894,0,10.3924,0.0%,0.0%,1.3%,0.0%,98.7%
247.8,13.9514,1.21305,1065.92,0,0,0.138833,0,10.393,0.0%,0.0%,1.3%,0.0%,98.7%
247.75,13.9311,1.21337,1065.94,0,0,0.138771,0,10.3937,0.0%,0.0%,1.3%,0.0%,98.7%
247.7,13.9109,1.2137,1065.96,0,0,0.138708,0,10.3944,0.0%,0.0%,1.3%,0.0%,98.7%
247.65,13.8911,1.214,1065.98,0,0,0.138642,0,10.395,0.0%,0.0%,1.3%,0.0%,98.7%
247.6,13.8707,1.21436,1066,0,0,0.138583,0,10.3957,0.0%,0.0%,1.3%,0.0%,98.7%
247.55,13.8507,1.21469,1066.02,0,0,0.13852,0,10.3963,0.0%,0.0%,1.3%,0.0%,98.7%
247.5,13.8306,1.21503,1066.04,0,0,0.138458,0,10.397,0.0%,0.0%,1.3%,0.0%,98.7%
247.45,13.8109,1.21535,1066.06,0,0,0.138394,0,10.3976,0.0%,0.0%,1.3%,0.0%,98.7%
247.4,13.791,1.21569,1066.08,0,0,0.138332,0,10.3982,0.0%,0.0%,1.3%,0.0%,98.7%
247.35,13.7715,1.21601,1066.1,0,0,0.138267,0,10.3989,0.0%,0.0%,1.3%,0.0%,98.7%
247.3,13.7518,1.21635,1066.12,0,0,0.138204,0,10.3995,0.0%,0.0%,1.3%,0.0%,98.7%
247.25,13.7323,1.21667,1066.14,0,0,0.138139,0,10.4002,0.0%,0.0%,1.3%,0.0%,98.7%
247.2,13.7129,1.21701,1066.16,0,0,0.138075,0,10.4008,0.0%,0.0%,1.3%,0.0%,98.7%
247.15,13.6935,1.21734,1066.18,0,0,0.13801,0,10.4014,0.0%,0.0%,1.3%,0.0%,98.7%
247.1,13.6742,1.21767,1066.2,0,0,0.137946,0,10.402,0.0%,0.0%,1.3%,0.0%,98.7%
247.05,13.6549,1.218,1066.22,0,0,0.137881,0,10.4027,0.0%,0.0%,1.3%,0.0%,98.7%
247,13.6358,1.21834,1066.24,0,0,0.137816,0,10.4033,0.0%,0.0%,1.3%,0.0%,98.7%
246.95,13.6167,1.21867,1066.26,0,0,0.137751,0,10.4039,0.0%,0.0%,1.3%,0.0%,98.7%
246.9,13.5975,1.21902,1066.28,0,0,0.137687,0,10.4045,0.0%,0.0%,1.3%,0.0%,98.7%
246.85,13.5787,1.21934,1066.3,0,0,0.13762,0,10.4051,0.0%,0.0%,1.3%,0.0%,98.7%
246.8,13.5605,1.21961,1066.32,0,0,0.137546,0,10.4058,0.0%,0.0%,1.3%,0.0%,98.7%
246.75,13.541,1.22001,1066.34,0,0,0.137488,0,10.4063,0.0%,0.0%,1.3%,0.0%,98.7%
246.7,13.5223,1.22034,1066.36,0,0,0.137422,0,10.407,0.0%,0.0%,1.3%,0.0%,98.7%
246.65,13.5036,1.22068,1066.38,0,0,0.137355,0,10.4076,0.0%,0.0%,1.3%,0.0%,98.7%
246.6,13.485,1.22101,1066.4,0,0,0.137289,0,10.4082,0.0%,0.0%,1.3%,0.0%,98.7%
246.55,13.4665,1.22135,1066.42,0,0,0.137222,0,10.4088,0.0%,0.0%,1.3%,0.0%,98.7%
246.5,13.448,1.22169,1066.44,0,0,0.137154,0,10.4094,0.0%,0.0%,1.3%,0.0%,98.7%
246.45,13.4296,1.22202,1066.45,0,0,0.137087,0,10.41,0.0%,0.0%,1.3%,0.0%,98.7%
246.4,13.4113,1.22236,1066.47,0,0,0.137019,0,10.4105,0.0%,0.0%,1.3%,0.0%,98.7%
246.35,13.3931,1.2227,1066.49,0,0,0.136952,0,10.4111,0.0%,0.0%,1.3%,0.0%,98.7%
246.3,13.3749,1.22304,1066.51,0,0,0.136883,0,10.4117,0.0%,0.0%,1.3%,0.0%,98.7%
246.25,13.3567,1.22338,1066.53,0,0,0.136815,0,10.4123,0.0%,0.0%,1.3%,0.0%,98.7%
246.2,13.3387,1.22371,1066.55,0,0,0.136747,0,10.4129,0.0%,0.0%,1.3%,0.0%,98.7%
246.15,13.321,1.22403,1066.56,0,0,0.136674,0,10.4135,0.0%,0.0%,1.3%,0.0%,98.7%
246.1,13.3027,1.22439,1066.58,0,0,0.136609,0,10.4141,0.0%,0.0%,1.3%,0.0%,98.7%
246.05,13.2856,1.22467,1066.6,0,0,0.13653,0,10.4147,0.0%,0.0%,1.3%,0.0%,98.7%
246,13.2671,1.22508,1066.62,0,0,0.13647,0,10.4152,0.0%,0.0%,1.3%,0.0%,98.7%
245.95,13.2493,1.22542,1066.64,0,0,0.1364,0,10.4158,0.0%,0.0%,1.3%,0.0%,98.7%
245.9,13.2317,1.22576,1066.66,0,0,0.13633,0,10.4164,0.0%,0.0%,1.3%,0.0%,98.7%
245.85,13.214,1.2261,1066.67,0,0,0.13626,0,10.4169,0.0%,0.0%,1.3%,0.0%,98.7%
245.8,13.1965,1.22645,1066.69,0,0,0.136189,0,10.4175,0.0%,0.0%,1.3%,0.0%,98.7%
245.75,13.179,1.22679,1066.71,0,0,0.136118,0,10.4181,0.0%,0.0%,1.3%,0.0%,98.7%
245.7,13.1615,1.22713,1066.73,0,0,0.136047,0,10.4186,0.0%,0.0%,1.3%,0.0%,98.7%
245.65,13.1442,1.22748,1066.74,0,0,0.135975,0,10.4192,0.0%,0.0%,1.3%,0.0%,98.7%
245.6,13.1269,1.22782,1066.76,0,0,0.135904,0,10.4198,0.0%,0.0%,1.3%,0.0%,98.7%
245.55,13.1102,1.22811,1066.78,0,0,0.135824,0,10.4204,0.0%,0.0%,1.3%,0.0%,98.7%
245.5,13.0924,1.22851,1066.8,0,0,0.13576,0,10.4209,0.0%,0.0%,1.3%,0.0%,98.7%
245.45,13.0753,1.22886,1066.81,0,0,0.135687,0,10.4214,0.0%,0.0%,1.3%,0.0%,98.7%
245.4,13.0582,1.22921,1066.83,0,0,0.135614,0,10.422,0.0%,0.0%,1.3%,0.0%,98.7%
245.35,13.0412,1.22955,1066.85,0,0,0.135541,0,10.4226,0.0%,0.0%,1.3%,0.0%,98.7%
245.3,13.0242,1.2299,1066.86,0,0,0.135468,0,10.4231,0.0%,0.0%,1.3%,0.0%,98.7%
245.25,13.0073,1.23025,1066.88,0,0,0.135394,0,10.4237,0.0%,0.0%,1.3%,0.0%,98.7%
245.2,12.9904,1.2306,1066.9,0,0,0.135321,0,10.4242,0.0%,0.0%,1.3%,0.0%,98.7%
245.15,12.9736,1.23095,1066.92,0,0,0.135246,0,10.4248,0.0%,0.0%,1.3%,0.0%,98.7%
245.1,12.9569,1.2313,1066.93,0,0,0.135171,0,10.4253,0.0%,0.0%,1.3%,0.0%,98.7%
245.05,12.8658,1.23143,1067.01,0.0247752,0,0.136349,0,10.4221,0.2%,0.0%,1.3%,0.0%,98.5%
245,12.7649,1.23147,1067.1,0.0531128,0,0.137699,0,10.4185,0.5%,0.0%,1.3%,0.0%,98.2%
244.95,12.6661,1.23162,1067.18,0.0804786,0,0.139015,0,10.4149,0.8%,0.0%,1.3%,0.0%,97.9%
244.9,12.5688,1.23172,1067.27,0.107571,0,0.140311,0,10.4113,1.0%,0.0%,1.3%,0.0%,97.7%
244.85,12.4733,1.23182,1067.35,0.134184,0,0.141583,0,10.4079,1.3%,0.0%,1.3%,0.0%,97.4%
244.8,12.3794,1.23192,1067.43,0.160337,0,0.142831,0,10.4045,1.5%,0.0%,1.3%,0.0%,97.2%
244.75,12.2872,1.23201,1067.51,0.186045,0,0.144057,0,10.4011,1.7%,0.0%,1.3%,0.0%,96.9%
244.7,12.1965,1.23211,1067.58,0.211303,0,0.14526,0,10.3978,2.0%,0.0%,1.4%,0.0%,96.7%
244.65,12.1072,1.23216,1067.66,0.236272,0,0.146445,0,10.3946,2.2%,0.0%,1.4%,0.0%,96.4%
244.6,12.0196,1.23231,1067.74,0.260509,0,0.147602,0,10.3915,2.4%,0.0%,1.4%,0.0%,96.2%
244.55,11.9334,1.2324,1067.81,0.284504,0,0.148742,0,10.3883,2.6%,0.0%,1.4%,0.0%,96.0%
244.5,11.8486,1.2325,1067.88,0.308098,0,0.149862,0,10.3853,2.8%,0.0%,1.4%,0.0%,95.8%
244.45,11.7652,1.23256,1067.96,0.331426,0,0.150965,0,10.3823,3.1%,0.0%,1.4%,0.0%,95.6%
244.4,11.6832,1.2327,1068.03,0.354102,0,0.152044,0,10.3793,3.3%,0.0%,1.4%,0.0%,95.4%
244.35,11.6025,1.23289,1068.09,0.376253,0,0.153101,0,10.3765,3.5%,0.0%,1.4%,0.0%,95.1%
244.3,11.523,1.23289,1068.16,0.398626,0,0.15415,0,10.3736,3.6%,0.0%,1.4%,0.0%,94.9%
244.25,11.4449,1.233,1068.23,0.420325,0,0.155176,0,10.3708,3.8%,0.0%,1.4%,0.0%,94.7%
244.2,11.3679,1.23309,1068.3,0.441707,0,0.156185,0,10.368,4.0%,0.0%,1.4%,0.0%,94.5%
244.15,11.2922,1.2332,1068.36,0.462705,0,0.157177,0,10.3653,4.2%,0.0%,1.4%,0.0%,94.4%
244.1,11.2176,1.2333,1068.42,0.483399,0,0.158152,0,10.3627,4.4%,0.0%,1.4%,0.0%,94.2%
244.05,11.1442,1.23341,1068.49,0.50377,0,0.159112,0,10.3601,4.6%,0.0%,1.4%,0.0%,94.0%
244,11.072,1.23344,1068.55,0.524021,0,0.160058,0,10.3575,4.7%,0.0%,1.4%,0.0%,93.8%
243.95,11.0008,1.2336,1068.61,0.543583,0,0.160983,0,10.355,4.9%,0.0%,1.5%,0.0%,93.6%
243.9,10.9306,1.23371,1068.67,0.563012,0,0.161895,0,10.3525,5.1%,0.0%,1.5%,0.0%,93.5%
243.85,10.8616,1.2338,1068.73,0.582171,0,0.162794,0,10.35,5.2%,0.0%,1.5%,0.0%,93.3%
243.8,10.7935,1.23392,1068.79,0.601003,0,0.163677,0,10.3476,5.4%,0.0%,1.5%,0.0%,93.1%
243.75,10.6993,1.23392,1068.87,0.624671,0.00285382,0.164758,0,10.3448,5.6%,0.0%,1.5%,0.0%,92.9%
243.7,10.6007,1.23384,1068.95,0.649195,0.00630285,0.165868,0,10.3419,5.8%,0.1%,1.5%,0.0%,92.6%
243.65,10.5042,1.2338,1069.03,0.673112,0.00966412,0.166952,0,10.339,6.0%,0.1%,1.5%,0.0%,92.4%
243.6,10.41,1.23385,1069.11,0.696243,0.0129086,0.168008,0,10.3363,6.2%,0.1%,1.5%,0.0%,92.2%
243.55,10.3173,1.23383,1069.19,0.719159,0.0161275,0.169047,0,10.3336,6.4%,0.1%,1.5%,0.0%,92.0%
243.5,10.2266,1.23386,1069.27,0.741493,0.0192617,0.170063,0,10.3309,6.6%,0.2%,1.5%,0.0%,91.7%
243.45,10.1374,1.23385,1069.35,0.763501,0.0223523,0.17106,0,10.3283,6.8%,0.2%,1.5%,0.0%,91.5%
243.4,10.0496,1.23379,1069.42,0.785273,0.0254132,0.172041,0,10.3258,6.9%,0.2%,1.5%,0.0%,91.3%
243.35,9.96373,1.23378,1069.49,0.806467,0.0283895,0.173,0,10.3233,7.1%,0.3%,1.5%,0.0%,91.1%
243.3,9.87913,1.2337,1069.57,0.8275,0.031348,0.173945,0,10.3208,7.3%,0.3%,1.5%,0.0%,90.9%
243.25,9.79657,1.23376,1069.64,0.847701,0.0341803,0.174863,0,10.3184,7.5%,0.3%,1.5%,0.0%,90.7%
243.2,9.71524,1.23375,1069.71,0.867752,0.0369961,0.175768,0,10.316,7.6%,0.3%,1.5%,0.0%,90.5%
243.15,9.63522,1.2337,1069.77,0.887585,0.0397841,0.176658,0,10.3137,7.8%,0.3%,1.5%,0.0%,90.3%
243.1,9.55672,1.23367,1069.84,0.906955,0.042505,0.17753,0,10.3114,7.9%,0.4%,1.6%,0.0%,90.1%
243.05,9.47957,1.23364,1069.91,0.926013,0.0451826,0.178386,0,10.3092,8.1%,0.4%,1.6%,0.0%,90.0%
243,9.4041,1.23373,1069.97,0.944387,0.0477568,0.179219,0,10.307,8.2%,0.4%,1.6%,0.0%,89.8%
242.95,9.32975,1.23376,1070.03,0.962618,0.0503148,0.18004,0,10.3049,8.4%,0.4%,1.6%,0.0%,89.6%
242.9,9.25652,1.23373,1070.1,0.980689,0.0528536,0.18085,0,10.3028,8.5%,0.5%,1.6%,0.0%,89.5%
242.85,9.18459,1.23373,1070.16,0.998374,0.0553365,0.181644,0,10.3007,8.7%,0.5%,1.6%,0.0%,89.3%
242.8,9.11389,1.23373,1070.22,1.01575,0.0577762,0.182423,0,10.2987,8.8%,0.5%,1.6%,0.0%,89.1%
242.75,9.04429,1.2337,1070.28,1.03291,0.0601865,0.183189,0,10.2967,8.9%,0.5%,1.6%,0.0%,89.0%
242.7,8.97601,1.23376,1070.33,1.04958,0.0625242,0.183939,0,10.2947,9.1%,0.5%,1.6%,0.0%,88.8%
242.65,8.90854,1.23365,1070.39,1.06636,0.064885,0.184682,0,10.2928,9.2%,0.6%,1.6%,0.0%,88.7%
242.6,8.84247,1.23371,1070.45,1.08248,0.0671454,0.185405,0,10.2909,9.3%,0.6%,1.6%,0.0%,88.5%
242.55,8.77745,1.23376,1070.5,1.09834,0.0693695,0.186116,0,10.289,9.4%,0.6%,1.6%,0.0%,88.4%
242.5,8.71339,1.23376,1070.56,1.11404,0.071574,0.186816,0,10.2872,9.6%,0.6%,1.6%,0.0%,88.2%
242.45,8.65018,1.23366,1070.61,1.12974,0.073783,0.187509,0,10.2854,9.7%,0.6%,1.6%,0.0%,88.1%
242.4,8.58814,1.23368,1070.67,1.14494,0.0759158,0.188186,0,10.2836,9.8%,0.6%,1.6%,0.0%,87.9%
242.35,8.52713,1.23373,1070.72,1.15979,0.0779973,0.188849,0,10.2819,9.9%,0.7%,1.6%,0.0%,87.8%
242.3,8.46708,1.2338,1070.77,1.17437,0.0800421,0.189501,0,10.2802,10.0%,0.7%,1.6%,0.0%,87.7%
242.25,8.40788,1.23382,1070.82,1.18885,0.0820733,0.190144,0,10.2785,10.1%,0.7%,1.6%,0.0%,87.6%
242.2,8.34958,1.23384,1070.87,1.2031,0.084073,0.190776,0,10.2768,10.2%,0.7%,1.6%,0.0%,87.4%
242.15,8.29215,1.23385,1070.92,1.21714,0.0860441,0.191398,0,10.2752,10.3%,0.7%,1.6%,0.0%,87.3%
242.1,8.2356,1.23387,1070.96,1.23095,0.0879825,0.19201,0,10.2736,10.4%,0.7%,1.6%,0.0%,87.2%
242.05,8.17978,1.23378,1071.01,1.24479,0.0899295,0.192615,0,10.272,10.5%,0.8%,1.6%,0.0%,87.1%
242,8.125,1.23391,1071.06,1.25796,0.0917728,0.193203,0,10.2705,10.6%,0.8%,1.6%,0.0%,86.9%
241.95,8.07087,1.23386,1071.11,1.27129,0.0936455,0.193788,0,10.2689,10.7%,0.8%,1.6%,0.0%,86.8%
241.9,8.01758,1.23389,1071.15,1.28428,0.0954677,0.194361,0,10.2675,10.8%,0.8%,1.6%,0.0%,86.7%
241.85,7.96511,1.23398,1071.19,1.29694,0.0972422,0.194922,0,10.266,10.9%,0.8%,1.6%,0.0%,86.6%
241.8,7.91335,1.23401,1071.24,1.30954,0.09901,0.195477,0,10.2645,11.0%,0.8%,1.6%,0.0%,86.5%
241.75,7.86233,1.23404,1071.28,1.32196,0.100753,0.196023,0,10.2631,11.1%,0.8%,1.6%,0.0%,86.4%
241.7,7.81203,1.23407,1071.33,1.3342,0.10247,0.196561,0,10.2617,11.2%,0.9%,1.7%,0.0%,86.3%
241.65,7.76239,1.23399,1071.37,1.34646,0.104194,0.197093,0,10.2603,11.3%,0.9%,1.7%,0.0%,86.2%
241.6,7.71353,1.23412,1071.41,1.35816,0.105831,0.197611,0,10.2589,11.4%,0.9%,1.7%,0.0%,86.1%
241.55,7.66531,1.23415,1071.45,1.36989,0.107477,0.198124,0,10.2576,11.5%,0.9%,1.7%,0.0%,86.0%
241.5,7.61775,1.23419,1071.49,1.38142,0.109095,0.198629,0,10.2563,11.6%,0.9%,1.7%,0.0%,85.9%
241.45,7.57085,1.23423,1071.53,1.3928,0.110692,0.199126,0,10.255,11.6%,0.9%,1.7%,0.0%,85.8%
241.4,7.52458,1.23426,1071.57,1.40403,0.112266,0.199616,0,10.2537,11.7%,0.9%,1.7%,0.0%,85.7%
241.35,7.47893,1.23418,1071.61,1.41529,0.113851,0.200101,0,10.2524,11.8%,1.0%,1.7%,0.0%,85.6%
241.3,7.43391,1.23433,1071.65,1.42601,0.115351,0.200573,0,10.2512,11.9%,1.0%,1.7%,0.0%,85.5%
241.25,7.38948,1.23438,1071.68,1.43677,0.116859,0.201041,0,10.2499,12.0%,1.0%,1.7%,0.0%,85.4%
241.2,7.34563,1.23442,1071.72,1.44738,0.118349,0.201502,0,10.2487,12.0%,1.0%,1.7%,0.0%,85.3%
241.15,7.30237,1.23446,1071.76,1.45786,0.119818,0.201956,0,10.2475,12.1%,1.0%,1.7%,0.0%,85.2%
241.1,7.25966,1.2345,1071.8,1.46819,0.121267,0.202404,0,10.2464,12.2%,1.0%,1.7%,0.0%,85.1%
241.05,7.21753,1.23446,1071.83,1.47851,0.122718,0.202847,0,10.2452,12.3%,1.0%,1.7%,0.0%,85.0%
241,7.17591,1.2346,1071.87,1.48841,0.124103,0.203279,0,10.2441,12.3%,1.0%,1.7%,0.0%,84.9%
240.95,7.13484,1.23463,1071.9,1.49836,0.125499,0.203707,0,10.2429,12.4%,1.0%,1.7%,0.0%,84.9%
240.9,7.09428,1.2347,1071.94,1.5081,0.126866,0.204129,0,10.2418,12.5%,1.1%,1.7%,0.0%,84.8%
240.85,7.05425,1.23474,1071.97,1.51777,0.128222,0.204545,0,10.2407,12.6%,1.1%,1.7%,0.0%,84.7%
240.8,7.01471,1.2348,1072,1.52729,0.129558,0.204954,0,10.2397,12.6%,1.1%,1.7%,0.0%,84.6%
240.75,6.97569,1.2348,1072.04,1.53677,0.130888,0.205359,0,10.2386,12.7%,1.1%,1.7%,0.0%,84.5%
240.7,6.93711,1.2349,1072.07,1.54599,0.13218,0.205757,0,10.2376,12.8%,1.1%,1.7%,0.0%,84.5%
240.65,6.89902,1.23496,1072.1,1.55513,0.133462,0.206149,0,10.2365,12.8%,1.1%,1.7%,0.0%,84.4%
240.6,6.86141,1.23502,1072.13,1.56418,0.134732,0.206536,0,10.2355,12.9%,1.1%,1.7%,0.0%,84.3%
240.55,6.82424,1.23508,1072.17,1.5731,0.135982,0.206917,0,10.2345,12.9%,1.1%,1.7%,0.0%,84.2%
240.5,6.78754,1.23513,1072.2,1.58193,0.137221,0.207294,0,10.2335,13.0%,1.1%,1.7%,0.0%,84.2%
240.45,6.75126,1.2352,1072.23,1.59062,0.13844,0.207665,0,10.2325,13.1%,1.1%,1.7%,0.0%,84.1%
240.4,6.71542,1.23527,1072.26,1.59921,0.139644,0.20803,0,10.2316,13.1%,1.1%,1.7%,0.0%,84.0%
240.35,6.68004,1.23529,1072.29,1.60775,0.140844,0.208392,0,10.2306,13.2%,1.2%,1.7%,0.0%,83.9%
240.3,6.64503,1.23538,1072.32,1.6161,0.142014,0.208747,0,10.2297,13.3%,1.2%,1.7%,0.0%,83.9%
240.25,6.61043,1.23547,1072.35,1.62435,0.14317,0.209097,0,10.2288,13.3%,1.2%,1.7%,0.0%,83.8%
240.2,6.57635,1.23541,1072.38,1.63269,0.144343,0.209446,0,10.2278,13.4%,1.2%,1.7%,0.0%,83.7%
240.15,6.54247,1.23561,1072.41,1.64061,0.145451,0.209785,0,10.2269,13.4%,1.2%,1.7%,0.0%,83.7%
240.1,6.50907,1.23568,1072.43,1.64858,0.146569,0.210121,0,10.2261,13.5%,1.2%,1.7%,0.0%,83.6%
240.05,6.47605,1.23576,1072.46,1.65645,0.147673,0.210453,0,10.2252,13.5%,1.2%,1.7%,0.0%,83.5%
240,6.44341,1.23584,1072.49,1.66424,0.148764,0.210781,0,10.2243,13.6%,1.2%,1.7%,0.0%,83.5%
239.95,6.41115,1.23591,1072.52,1.67194,0.149844,0.211104,0,10.2235,13.6%,1.2%,1.7%,0.0%,83.4%
239.9,6.37924,1.23599,1072.54,1.67953,0.150909,0.211423,0,10.2226,13.7%,1.2%,1.7%,0.0%,83.4%
239.85,6.34768,1.23608,1072.57,1.68703,0.151961,0.211737,0,10.2218,13.7%,1.2%,1.7%,0.0%,83.3%
239.8,6.31649,1.23615,1072.6,1.69446,0.153003,0.212048,0,10.221,13.8%,1.2%,1.7%,0.0%,83.2%
239.75,6.28562,1.23625,1072.62,1.70179,0.15403,0.212354,0,10.2201,13.8%,1.3%,1.7%,0.0%,83.2%
239.7,6.25512,1.23632,1072.65,1.70905,0.155049,0.212656,0,10.2193,13.9%,1.3%,1.7%,0.0%,83.1%
239.65,6.22493,1.23642,1072.68,1.7162,0.156051,0.212954,0,10.2185,13.9%,1.3%,1.7%,0.0%,83.1%
239.6,6.19508,1.2365,1072.7,1.72329,0.157046,0.213249,0,10.2178,14.0%,1.3%,1.7%,0.0%,83.0%
239.55,6.16554,1.2366,1072.73,1.73028,0.158025,0.213539,0,10.217,14.0%,1.3%,1.7%,0.0%,82.9%
239.5,6.13632,1.23669,1072.75,1.73719,0.158996,0.213826,0,10.2162,14.1%,1.3%,1.7%,0.0%,82.9%
239.45,6.10742,1.23679,1072.78,1.74403,0.159955,0.214108,0,10.2155,14.1%,1.3%,1.7%,0.0%,82.8%
239.4,6.07883,1.23688,1072.8,1.7508,0.160904,0.214388,0,10.2147,14.2%,1.3%,1.7%,0.0%,82.8%
239.35,6.05053,1.23698,1072.82,1.75748,0.161841,0.214663,0,10.214,14.2%,1.3%,1.7%,0.0%,82.7%
239.3,6.02271,1.23693,1072.85,1.76424,0.162791,0.214937,0,10.2133,14.3%,1.3%,1.7%,0.0%,82.7%
239.25,5.99483,1.23717,1072.87,1.77063,0.163685,0.215203,0,10.2126,14.3%,1.3%,1.7%,0.0%,82.6%
239.2,5.96741,1.23728,1072.89,1.77709,0.164591,0.215468,0,10.2119,14.4%,1.3%,1.7%,0.0%,82.6%
239.15,5.94027,1.23739,1072.92,1.78348,0.165486,0.21573,0,10.2112,14.4%,1.3%,1.7%,0.0%,82.5%
239.1,5.9134,1.2375,1072.94,1.78978,0.166371,0.215988,0,10.2105,14.5%,1.3%,1.7%,0.0%,82.5%
239.05,5.88662,1.23776,1072.96,1.79589,0.167224,0.216241,0,10.2098,14.5%,1.3%,1.7%,0.0%,82.4%
239,5.86054,1.23769,1072.99,1.80224,0.168119,0.216494,0,10.2091,14.5%,1.4%,1.7%,0.0%,82.4%
238.95,5.83459,1.23774,1073.01,1.80842,0.168987,0.216743,0,10.2084,14.6%,1.4%,1.7%,0.0%,82.3%
238.9,5.80869,1.23793,1073.03,1.81439,0.169823,0.216988,0,10.2078,14.6%,1.4%,1.7%,0.0%,82.3%
238.85,5.78316,1.23805,1073.05,1.82037,0.170661,0.21723,0,10.2071,14.7%,1.4%,1.7%,0.0%,82.2%
238.8,5.75787,1.23818,1073.07,1.82628,0.17149,0.217469,0,10.2065,14.7%,1.4%,1.8%,0.0%,82.2%
238.75,5.73288,1.23827,1073.09,1.83215,0.172314,0.217705,0,10.2059,14.7%,1.4%,1.8%,0.0%,82.1%
238.7,5.70811,1.23839,1073.12,1.83795,0.173127,0.217938,0,10.2052,14.8%,1.4%,1.8%,0.0%,82.1%
238.65,5.68356,1.23852,1073.14,1.84367,0.17393,0.218168,0,10.2046,14.8%,1.4%,1.8%,0.0%,82.0%
238.6,5.65949,1.23849,1073.16,1.84948,0.174746,0.218396,0,10.204,14.9%,1.4%,1.8%,0.0%,82.0%
238.55,5.63519,1.23878,1073.18,1.85494,0.175511,0.218619,0,10.2034,14.9%,1.4%,1.8%,0.0%,81.9%
238.5,5.61135,1.23891,1073.2,1.86049,0.176289,0.21884,0,10.2028,14.9%,1.4%,1.8%,0.0%,81.9%
238.45,5.58779,1.23902,1073.22,1.866,0.177062,0.219059,0,10.2022,15.0%,1.4%,1.8%,0.0%,81.9%
238.4,5.56442,1.23914,1073.24,1.87144,0.177826,0.219275,0,10.2016,15.0%,1.4%,1.8%,0.0%,81.8%
238.35,5.5412,1.23932,1073.26,1.87678,0.178575,0.219488,0,10.201,15.0%,1.4%,1.8%,0.0%,81.8%
238.3,5.51827,1.23945,1073.28,1.88211,0.179322,0.219699,0,10.2005,15.1%,1.4%,1.8%,0.0%,81.7%
238.25,5.49553,1.2396,1073.3,1.88737,0.18006,0.219906,0,10.1999,15.1%,1.4%,1.8%,0.0%,81.7%
238.2,5.47303,1.23974,1073.31,1.89259,0.180792,0.220112,0,10.1993,15.1%,1.4%,1.8%,0.0%,81.6%
238.15,5.45073,1.23988,1073.33,1.89775,0.181517,0.220314,0,10.1988,15.2%,1.5%,1.8%,0.0%,81.6%
238.1,5.42862,1.24003,1073.35,1.90285,0.182233,0.220514,0,10.1982,15.2%,1.5%,1.8%,0.0%,81.6%
238.05,5.40674,1.24017,1073.37,1.90791,0.182944,0.220712,0,10.1977,15.3%,1.5%,1.8%,0.0%,81.5%
238,5.38502,1.24033,1073.39,1.91291,0.183644,0.220907,0,10.1972,15.3%,1.5%,1.8%,0.0%,81.5%
237.95,5.36353,1.24048,1073.41,1.91786,0.18434,0.2211,0,10.1966,15.3%,1.5%,1.8%,0.0%,81.4%
237.9,5.34223,1.24063,1073.43,1.92277,0.185029,0.22129,0,10.1961,15.4%,1.5%,1.8%,0.0%,81.4%
237.85,5.32115,1.24077,1073.44,1.92764,0.185713,0.221478,0,10.1956,15.4%,1.5%,1.8%,0.0%,81.4%
237.8,5.30018,1.24095,1073.46,1.93243,0.186385,0.221664,0,10.1951,15.4%,1.5%,1.8%,0.0%,81.3%
237.75,5.27943,1.24112,1073.48,1.93718,0.187051,0.221847,0,10.1946,15.4%,1.5%,1.8%,0.0%,81.3%
237.7,5.25887,1.24128,1073.5,1.94189,0.187713,0.222028,0,10.1941,15.5%,1.5%,1.8%,0.0%,81.3%
237.65,5.2385,1.24145,1073.51,1.94656,0.188369,0.222207,0,10.1936,15.5%,1.5%,1.8%,0.0%,81.2%
237.6,5.21839,1.24156,1073.53,1.95122,0.189023,0.222383,0,10.1931,15.5%,1.5%,1.8%,0.0%,81.2%
237.55,5.19822,1.24183,1073.55,1.95573,0.189655,0.222557,0,10.1926,15.6%,1.5%,1.8%,0.0%,81.1%
237.5,5.17841,1.24197,1073.56,1.96027,0.190294,0.222729,0,10.1921,15.6%,1.5%,1.8%,0.0%,81.1%
237.45,5.15875,1.24214,1073.58,1.96476,0.190925,0.222899,0,10.1917,15.6%,1.5%,1.8%,0.0%,81.1%
237.4,5.13922,1.24233,1073.6,1.9692,0.191548,0.223067,0,10.1912,15.7%,1.5%,1.8%,0.0%,81.0%
237.35,5.11985,1.24253,1073.61,1.97359,0.192164,0.223233,0,10.1907,15.7%,1.5%,1.8%,0.0%,81.0%
237.3,5.10083,1.24262,1073.63,1.97801,0.192786,0.223397,0,10.1903,15.7%,1.5%,1.8%,0.0%,81.0%
237.25,5.08165,1.2429,1073.65,1.98226,0.193382,0.223558,0,10.1898,15.7%,1.5%,1.8%,0.0%,80.9%
237.2,5.06279,1.24309,1073.66,1.98653,0.193983,0.223717,0,10.1894,15.8%,1.5%,1.8%,0.0%,80.9%
237.15,5.04403,1.24331,1073.68,1.99074,0.194574,0.223875,0,10.1889,15.8%,1.5%,1.8%,0.0%,80.9%
237.1,5.02553,1.24348,1073.69,1.99495,0.195166,0.22403,0,10.1885,15.8%,1.5%,1.8%,0.0%,80.8%
237.05,5.00714,1.24368,1073.71,1.9991,0.19575,0.224184,0,10.188,15.9%,1.6%,1.8%,0.0%,80.8%
237,4.98873,1.24397,1073.72,2.00316,0.19632,0.224335,0,10.1876,15.9%,1.6%,1.8%,0.0%,80.8%
236.95,4.97075,1.24411,1073.74,2.00727,0.196898,0.224485,0,10.1872,15.9%,1.6%,1.8%,0.0%,80.7%
236.9,4.95282,1.2443,1073.75,2.01132,0.197467,0.224632,0,10.1868,15.9%,1.6%,1.8%,0.0%,80.7%
236.85,4.93502,1.24451,1073.77,2.01531,0.198029,0.224778,0,10.1864,16.0%,1.6%,1.8%,0.0%,80.7%
236.8,4.91732,1.24475,1073.78,2.01926,0.198585,0.224922,0,10.1859,16.0%,1.6%,1.8%,0.0%,80.7%
236.75,4.9002,1.24474,1073.8,2.02332,0.199157,0.225065,0,10.1855,16.0%,1.6%,1.8%,0.0%,80.6%
236.7,4.88242,1.24518,1073.81,2.02707,0.199683,0.225204,0,10.1851,16.0%,1.6%,1.8%,0.0%,80.6%
236.65,4.86515,1.24541,1073.83,2.03092,0.200225,0.225342,0,10.1847,16.1%,1.6%,1.8%,0.0%,80.6%
236.6,4.84843,1.24543,1073.84,2.03486,0.20078,0.22548,0,10.1843,16.1%,1.6%,1.8%,0.0%,80.5%
236.55,4.8313,1.24574,1073.86,2.03859,0.201305,0.225614,0,10.1839,16.1%,1.6%,1.8%,0.0%,80.5%
236.5,4.81424,1.24609,1073.87,2.04226,0.201822,0.225747,0,10.1835,16.1%,1.6%,1.8%,0.0%,80.5%
236.45,4.79774,1.24621,1073.88,2.04604,0.202355,0.225878,0,10.1832,16.2%,1.6%,1.8%,0.0%,80.5%
236.4,4.78087,1.2466,1073.9,2.04963,0.20286,0.226007,0,10.1828,16.2%,1.6%,1.8%,0.0%,80.4%
236.35,4.7645,1.2468,1073.91,2.0533,0.203377,0.226135,0,10.1824,16.2%,1.6%,1.8%,0.0%,80.4%
236.3,4.74808,1.24709,1073.93,2.05689,0.203882,0.226261,0,10.182,16.2%,1.6%,1.8%,0.0%,80.4%
236.25,4.73185,1.24735,1073.94,2.06046,0.204386,0.226385,0,10.1816,16.3%,1.6%,1.8%,0.0%,80.3%
236.2,4.71579,1.24759,1073.95,2.06401,0.204887,0.226508,0,10.1813,16.3%,1.6%,1.8%,0.0%,80.3%
236.15,4.69975,1.24788,1073.97,2.06751,0.20538,0.226629,0,10.1809,16.3%,1.6%,1.8%,0.0%,80.3%
236.1,4.68387,1.24815,1073.98,2.07098,0.20587,0.226748,0,10.1806,16.3%,1.6%,1.8%,0.0%,80.3%
236.05,4.66783,1.24858,1073.99,2.07434,0.206344,0.226865,0,10.1802,16.3%,1.6%,1.8%,0.0%,80.2%
236,4.65248,1.2487,1074.01,2.07784,0.206838,0.226982,0,10.1798,16.4%,1.6%,1.8%,0.0%,80.2%
235.95,4.63703,1.24895,1074.02,2.08125,0.207319,0.227096,0,10.1795,16.4%,1.6%,1.8%,0.0%,80.2%
235.9,4.6216,1.24924,1074.03,2.0846,0.207791,0.227209,0,10.1791,16.4%,1.6%,1.8%,0.0%,80.2%
235.85,4.60626,1.24955,1074.04,2.08791,0.20826,0.22732,0,10.1788,16.4%,1.6%,1.8%,0.0%,80.1%
235.8,4.59153,1.2496,1074.06,2.09134,0.208743,0.22743,0,10.1785,16.5%,1.6%,1.8%,0.0%,80.1%
235.75,4.57604,1.25011,1074.07,2.09449,0.209189,0.227538,0,10.1781,16.5%,1.6%,1.8%,0.0%,80.1%
235.7,4.56099,1.25045,1074.08,2.09771,0.209644,0.227644,0,10.1778,16.5%,1.6%,1.8%,0.0%,80.1%
235.65,4.54611,1.25076,1074.09,2.10092,0.210098,0.227749,0,10.1775,16.5%,1.7%,1.8%,0.0%,80.0%
235.6,4.53132,1.25108,1074.11,2.10409,0.210547,0.227852,0,10.1771,16.5%,1.7%,1.8%,0.0%,80.0%
235.55,4.51668,1.25138,1074.12,2.10725,0.210995,0.227954,0,10.1768,16.6%,1.7%,1.8%,0.0%,80.0%
235.5,4.50212,1.2517,1074.13,2.11038,0.211437,0.228054,0,10.1765,16.6%,1.7%,1.8%,0.0%,80.0%
235.45,4.48762,1.25204,1074.14,2.11347,0.211875,0.228152,0,10.1762,16.6%,1.7%,1.8%,0.0%,79.9%
235.4,4.47373,1.25212,1074.15,2.11666,0.212327,0.22825,0,10.1758,16.6%,1.7%,1.8%,0.0%,79.9%
235.35,4.45893,1.25273,1074.17,2.11957,0.21274,0.228345,0,10.1755,16.6%,1.7%,1.8%,0.0%,79.9%
235.3,4.44479,1.25304,1074.18,2.1226,0.21317,0.228439,0,10.1752,16.7%,1.7%,1.8%,0.0%,79.9%
235.25,4.43066,1.25341,1074.19,2.12558,0.213593,0.228531,0,10.1749,16.7%,1.7%,1.8%,0.0%,79.8%
235.2,4.41614,1.25403,1074.2,2.12842,0.213996,0.228622,0,10.1746,16.7%,1.7%,1.8%,0.0%,79.8%
235.15,4.40231,1.25435,1074.21,2.13138,0.214417,0.228711,0,10.1743,16.7%,1.7%,1.8%,0.0%,79.8%
235.1,4.38894,1.25448,1074.22,2.1344,0.214846,0.228799,0,10.174,16.7%,1.7%,1.8%,0.0%,79.8%
235.05,4.37538,1.25476,1074.23,2.13732,0.215262,0.228886,0,10.1737,16.8%,1.7%,1.8%,0.0%,79.8%
235,4.36152,1.25525,1074.25,2.14014,0.215662,0.228971,0,10.1734,16.8%,1.7%,1.8%,0.0%,79.7%
234.95,4.34796,1.25563,1074.26,2.14297,0.216066,0.229054,0,10.1731,16.8%,1.7%,1.8%,0.0%,79.7%
234.9,4.33449,1.25602,1074.27,2.14579,0.216467,0.229136,0,10.1728,16.8%,1.7%,1.8%,0.0%,79.7%
234.85,4.32108,1.25642,1074.28,2.14857,0.216864,0.229216,0,10.1725,16.8%,1.7%,1.8%,0.0%,79.7%
234.8,4.30776,1.25683,1074.29,2.15133,0.217258,0.229295,0,10.1722,16.8%,1.7%,1.8%,0.0%,79.7%
234.75,4.2945,1.25725,1074.3,2.15407,0.217649,0.229372,0,10.172,16.9%,1.7%,1.8%,0.0%,79.6%
234.7,4.28073,1.25798,1074.31,2.15665,0.218018,0.229447,0,10.1717,16.9%,1.7%,1.8%,0.0%,79.6%
234.65,4.26819,1.25813,1074.32,2.15946,0.218419,0.229522,0,10.1714,16.9%,1.7%,1.8%,0.0%,79.6%
234.6,4.25575,1.25828,1074.33,2.16225,0.218818,0.229595,0,10.1711,16.9%,1.7%,1.8%,0.0%,79.6%
234.55,4.24235,1.25896,1074.34,2.16479,0.219183,0.229666,0,10.1708,16.9%,1.7%,1.8%,0.0%,79.6%
234.5,4.22939,1.25946,1074.35,2.16739,0.219556,0.229736,0,10.1706,16.9%,1.7%,1.8%,0.0%,79.5%
234.45,4.21664,1.2599,1074.36,2.17,0.21993,0.229804,0,10.1703,17.0%,1.7%,1.8%,0.0%,79.5%
234.4,4.20384,1.26041,1074.37,2.17256,0.220298,0.22987,0,10.17,17.0%,1.7%,1.8%,0.0%,79.5%
234.35,4.19122,1.26087,1074.38,2.17512,0.220665,0.229935,0,10.1698,17.0%,1.7%,1.8%,0.0%,79.5%
234.3,4.17869,1.26133,1074.39,2.17766,0.221031,0.229999,0,10.1695,17.0%,1.7%,1.8%,0.0%,79.5%
234.25,4.16609,1.26187,1074.4,2.18015,0.22139,0.230061,0,10.1692,17.0%,1.7%,1.8%,0.0%,79.4%
234.2,4.15362,1.26239,1074.41,2.18264,0.221748,0.230121,0,10.169,17.0%,1.7%,1.8%,0.0%,79.4%
234.15,4.14134,1.26285,1074.42,2.18512,0.222107,0.23018,0,10.1687,17.1%,1.7%,1.8%,0.0%,79.4%
234.1,4.12838,1.26369,1074.43,2.18744,0.222444,0.230236,0,10.1685,17.1%,1.7%,1.8%,0.0%,79.4%
234.05,4.11666,1.26396,1074.44,2.18997,0.222808,0.230292,0,10.1682,17.1%,1.7%,1.8%,0.0%,79.4%
234,4.10446,1.2645,1074.45,2.19237,0.223156,0.230346,0,10.1679,17.1%,1.7%,1.8%,0.0%,79.4%
233.95,4.0923,1.26507,1074.46,2.19475,0.223501,0.230398,0,10.1677,17.1%,1.7%,1.8%,0.0%,79.3%
233.9,4.08026,1.26562,1074.47,2.19711,0.223844,0.230449,0,10.1674,17.1%,1.7%,1.8%,0.0%,79.3%
233.85,4.06817,1.26622,1074.48,2.19944,0.224183,0.230498,0,10.1672,17.2%,1.7%,1.8%,0.0%,79.3%
233.8,4.05568,1.26708,1074.49,2.20166,0.224508,0.230544,0,10.167,17.2%,1.8%,1.8%,0.0%,79.3%
233.75,4.04424,1.26744,1074.5,2.20405,0.224855,0.23059,0,10.1667,17.2%,1.8%,1.8%,0.0%,79.3%
233.7,4.0324,1.26804,1074.51,2.20633,0.225188,0.230634,0,10.1665,17.2%,1.8%,1.8%,0.0%,79.2%
233.65,4.02055,1.26869,1074.52,2.20858,0.225518,0.230676,0,10.1662,17.2%,1.8%,1.8%,0.0%,79.2%
233.6,4.00876,1.26935,1074.53,2.21081,0.225845,0.230715,0,10.166,17.2%,1.8%,1.8%,0.0%,79.2%
233.55,3.99751,1.26977,1074.54,2.21311,0.226181,0.230754,0,10.1657,17.2%,1.8%,1.8%,0.0%,79.2%
233.5,3.98552,1.2706,1074.54,2.21525,0.226497,0.23079,0,10.1655,17.3%,1.8%,1.8%,0.0%,79.2%
233.45,3.97383,1.27132,1074.55,2.21741,0.226816,0.230824,0,10.1653,17.3%,1.8%,1.8%,0.0%,79.2%
233.4,3.96217,1.27206,1074.56,2.21955,0.227133,0.230857,0,10.165,17.3%,1.8%,1.8%,0.0%,79.2%
233.35,3.95059,1.27279,1074.57,2.22168,0.227449,0.230887,0,10.1648,17.3%,1.8%,1.8%,0.0%,79.1%
233.3,3.93907,1.27354,1074.58,2.22379,0.227762,0.230916,0,10.1645,17.3%,1.8%,1.8%,0.0%,79.1%
233.25,3.92774,1.27422,1074.59,2.22591,0.228077,0.230942,0,10.1643,17.3%,1.8%,1.8%,0.0%,79.1%
233.2,3.9167,1.2748,1074.6,2.22806,0.228395,0.230967,0,10.1641,17.3%,1.8%,1.8%,0.0%,79.1%
233.15,3.90477,1.27586,1074.61,2.23002,0.228691,0.230989,0,10.1639,17.3%,1.8%,1.8%,0.0%,79.1%
233.1,3.89342,1.27666,1074.61,2.23206,0.228997,0.231009,0,10.1636,17.4%,1.8%,1.8%,0.0%,79.1%
233.05,3.88213,1.27747,1074.62,2.23408,0.229301,0.231026,0,10.1634,17.4%,1.8%,1.8%,0.0%,79.0%
233,3.87087,1.2783,1074.63,2.23609,0.229603,0.231042,0,10.1632,17.4%,1.8%,1.8%,0.0%,79.0%
232.95,3.85955,1.27919,1074.64,2.23806,0.229901,0.231055,0,10.1629,17.4%,1.8%,1.8%,0.0%,79.0%
232.9,3.84797,1.28026,1074.65,2.23996,0.230192,0.231065,0,10.1627,17.4%,1.8%,1.8%,0.0%,79.0%
232.85,3.83775,1.28067,1074.65,2.24207,0.230506,0.231074,0,10.1625,17.4%,1.8%,1.8%,0.0%,79.0%
232.8,3.82628,1.28174,1074.66,2.24394,0.230794,0.231079,0,10.1623,17.4%,1.8%,1.8%,0.0%,79.0%
232.75,3.81475,1.28288,1074.67,2.24579,0.231079,0.231082,0,10.162,17.4%,1.8%,1.8%,0.0%,79.0%
232.7,3.80329,1.28403,1074.68,2.24762,0.231363,0.231082,0,10.1618,17.5%,1.8%,1.8%,0.0%,78.9%
232.65,3.7923,1.28496,1074.69,2.24951,0.231654,0.231079,0,10.1616,17.5%,1.8%,1.8%,0.0%,78.9%
232.6,3.78124,1.28597,1074.69,2.25136,0.231941,0.231073,0,10.1614,17.5%,1.8%,1.8%,0.0%,78.9%
232.55,3.77008,1.28707,1074.7,2.25318,0.232224,0.231064,0,10.1612,17.5%,1.8%,1.8%,0.0%,78.9%
232.5,3.75896,1.28818,1074.71,2.25498,0.232506,0.231052,0,10.1609,17.5%,1.8%,1.8%,0.0%,78.9%
232.45,3.74791,1.28928,1074.72,2.25678,0.232788,0.231037,0,10.1607,17.5%,1.8%,1.8%,0.0%,78.9%
232.4,3.73688,1.29041,1074.72,2.25855,0.233068,0.231019,0,10.1605,17.5%,1.8%,1.8%,0.0%,78.9%
232.35,3.72581,1.2916,1074.73,2.2603,0.233345,0.230997,0,10.1603,17.5%,1.8%,1.8%,0.0%,78.9%
232.3,3.71456,1.29291,1074.74,2.26201,0.233618,0.230971,0,10.1601,17.6%,1.8%,1.8%,0.0%,78.8%
232.25,3.70273,1.29456,1074.75,2.2636,0.23388,0.230941,0,10.1599,17.6%,1.8%,1.8%,0.0%,78.8%
232.2,3.69241,1.29547,1074.75,2.26541,0.234166,0.230907,0,10.1596,17.6%,1.8%,1.8%,0.0%,78.8%
232.15,3.68209,1.29641,1074.76,2.26719,0.23445,0.23087,0,10.1594,17.6%,1.8%,1.8%,0.0%,78.8%
232.1,3.67015,1.29822,1074.77,2.26872,0.234706,0.230828,0,10.1592,17.6%,1.8%,1.8%,0.0%,78.8%
232.05,3.65756,1.30039,1074.77,2.27013,0.234951,0.230781,0,10.159,17.6%,1.8%,1.8%,0.0%,78.8%
232,3.64788,1.30112,1074.78,2.27196,0.235241,0.230729,0,10.1588,17.6%,1.8%,1.8%,0.0%,78.8%
231.95,3.63665,1.30267,1074.79,2.27354,0.235505,0.230673,0,10.1586,17.6%,1.8%,1.8%,0.0%,78.8%
231.9,3.62596,1.30398,1074.8,2.27518,0.235777,0.230611,0,10.1583,17.6%,1.8%,1.8%,0.0%,78.7%
231.85,3.6141,1.30592,1074.8,2.27663,0.23603,0.230544,0,10.1581,17.6%,1.8%,1.8%,0.0%,78.7%
231.8,3.60278,1.30763,1074.81,2.27815,0.236291,0.23047,0,10.1579,17.7%,1.8%,1.8%,0.0%,78.7%
231.75,3.59074,1.30975,1074.82,2.27955,0.23654,0.230391,0,10.1577,17.7%,1.8%,1.8%,0.0%,78.7%
231.7,3.57948,1.31151,1074.82,2.28105,0.236801,0.230305,0,10.1575,17.7%,1.8%,1.8%,0.0%,78.7%
231.65,3.56961,1.31258,1074.83,2.28272,0.23708,0.230212,0,10.1573,17.7%,1.8%,1.8%,0.0%,78.7%
231.6,3.55654,1.31535,1074.83,2.28393,0.237314,0.230112,0,10.1571,17.7%,1.8%,1.8%,0.0%,78.7%
231.55,3.54528,1.31722,1074.84,2.28538,0.237574,0.230004,0,10.1569,17.7%,1.8%,1.8%,0.0%,78.7%
231.5,3.53285,1.31974,1074.85,2.28666,0.237817,0.229888,0,10.1567,17.7%,1.8%,1.8%,0.0%,78.7%
231.45,3.52232,1.32131,1074.85,2.28818,0.238086,0.229763,0,10.1564,17.7%,1.8%,1.8%,0.0%,78.7%
231.4,3.51038,1.32366,1074.86,2.28949,0.238336,0.229628,0,10.1562,17.7%,1.8%,1.8%,0.0%,78.6%
231.35,3.49833,1.32611,1074.87,2.29078,0.238585,0.229484,0,10.156,17.7%,1.8%,1.8%,0.0%,78.6%
231.3,3.48535,1.3291,1074.87,2.29193,0.238822,0.229328,0,10.1558,17.7%,1.8%,1.8%,0.0%,78.6%
231.25,3.47389,1.33134,1074.88,2.29327,0.23908,0.229162,0,10.1556,17.8%,1.9%,1.8%,0.0%,78.6%
231.2,3.46146,1.33413,1074.88,2.29448,0.239326,0.228982,0,10.1554,17.8%,1.9%,1.8%,0.0%,78.6%
231.15,3.44889,1.33704,1074.89,2.29565,0.239571,0.22879,0,10.1552,17.8%,1.9%,1.8%,0.0%,78.6%
231.1,3.4357,1.34035,1074.89,2.29673,0.239809,0.228583,0,10.155,17.8%,1.9%,1.8%,0.0%,78.6%
231.05,3.42277,1.34357,1074.9,2.29783,0.240053,0.228361,0,10.1548,17.8%,1.9%,1.8%,0.0%,78.6%
231,1.48181,2.15872,1076.73,3.08748,0.258083,0.0281363,0.182048,9.1831,24.2%,2.0%,0.2%,1.4%,72.1%
230.95,1.46649,2.18974,1076.72,3.08371,0.258065,0.0275441,0.181991,9.18933,24.2%,2.0%,0.2%,1.4%,72.1%
230.9,1.45018,2.22329,1076.7,3.07977,0.258047,0.0269211,0.181927,9.19582,24.2%,2.0%,0.2%,1.4%,72.2%